station,lat,lon,dist_m,path_length_diff_m,sta_lta_amp,pre_shot_rms
4001,46.166599,-122.189499,78060.67009027714,66.52666765217145,3.555375936206395,2.3612964123607186e-06
4003,46.1665,-122.183998,77804.98018285033,51.51801361434627,2.529308774917585,8.457389414067632e-07
4004,46.1646,-122.182297,77889.45039786215,45.05386147860554,2.2096666579017867,1.7270829366132172e-06
4005,46.162701,-122.182198,78050.7755968749,39.36402149965579,2.7554917631168445,5.1633461362517024e-06
4006,46.1609,-122.180397,78122.91631525708,47.07616236171452,2.485440779570192,4.805438977720397e-06
4007,46.159698,-122.178101,78119.6880708052,34.846450989556615,2.7321208086635416,6.652457861765826e-07
4009,46.1586,-122.173203,77985.4791298119,34.13108303667104,5.879148304535394,1.3853615776236178e-05
4010,46.157501,-122.170502,77955.85501038449,23.023310179123655,4.383694012571194,7.710699281964564e-07
4012,46.157501,-122.1642,77661.81054965458,19.03294009093952,2.352716033650903,5.599786738694553e-07
4013,46.1567,-122.1623,77644.71879343687,20.806026273567113,5.1519959778419295,8.188516491353132e-06
4014,46.155102,-122.1614,77745.20239112606,22.33846936606278,7.689721857875318,8.682644979674386e-06
4015,46.153702,-122.158302,77727.08867553379,17.900695125819766,2.638126134016808,3.589214697724212e-06
4016,46.1549,-122.154404,77440.90830672196,14.47136027412489,3.3859112113510523,1.3814948629986589e-05
4017,46.1567,-122.152802,77206.45264019391,13.083318405086175,6.131224316505528,1.063362863987122e-05
4018,46.158798,-122.151497,76959.02094821353,13.388935290742666,1.9445829668332038,2.41741617584235e-06
4019,46.161499,-122.149498,76625.86890863861,14.942650424156454,3.2117152615655664,2.784251646361249e-06
4020,46.163799,-122.147697,76337.66594160277,16.490106617537094,5.971978464071542,1.2498813793728234e-06
4021,46.165501,-122.147797,76190.45028761575,14.509045578917721,2.6253003938278754,9.80977583046393e-07
4022,46.1665,-122.145599,76000.03181854842,7.353591117192991,4.820544846207024,1.6837453957724192e-06
4023,46.167702,-122.144096,75823.55721896967,7.521170911437366,3.9867661293520413,4.073379055643749e-06
4024,46.1698,-122.145599,75705.9534673615,6.53273196448572,9.3318572411151,1.2222516199758686e-05
4025,46.171101,-122.147797,75692.1156560546,5.864272219667328,9.546819260949093,7.823590216025431e-06
4026,46.1721,-122.149101,75664.06183824938,6.371379793039523,8.791765316545515,4.573472545117769e-07
4027,46.173401,-122.148598,75525.27877229139,5.998912472728989,7.49288944345913,3.0201438396507534e-06
4028,46.1749,-122.148003,75364.7067937056,5.5033175730350194,4.737675912827707,5.675194473829239e-07
4029,46.176102,-122.147797,75248.64737916627,6.49419821050833,6.591949870119814,4.249195453350537e-06
4030,46.177601,-122.146103,75036.84416162605,4.58993980519881,3.996973575703185,2.7375206764945496e-06
4031,46.179298,-122.147202,74938.14537178964,3.8533629358862527,1.9655962897314465,1.5468264462386403e-06
4032,46.181801,-122.1464,74679.49659789943,3.7494079554016935,2.1220460248420343,1.4144848133293932e-06
4033,46.183601,-122.147499,74572.45371103776,3.242120677125058,3.058556201114851,3.2433299182130896e-06
4034,46.1852,-122.147903,74450.74527736845,3.2253218308323994,2.7867971993931944,1.1328732818711261e-06
4035,46.186699,-122.146698,74262.0185087955,3.784552072000224,2.4572416499142244,1.8541786649766456e-06
4036,46.188301,-122.1465,74111.85417369781,2.7163291642063996,2.913293884554501,7.390083318712378e-07
4037,46.189499,-122.146301,73997.23030031488,2.663399149707402,2.5295815814176406,4.1558074273180905e-07
4038,46.190399,-122.144997,73856.47509676433,3.008253325067926,5.992406466097257,1.284112990854528e-06
4039,46.191002,-122.143501,73732.7272000701,4.088077211752534,8.026662852734754,2.4210475117081304e-07
4040,46.192001,-122.142502,73597.7175030795,4.664124215734773,9.174194667747757,4.218095329681215e-06
4041,46.192501,-122.140099,73440.20929760074,6.043541388949961,2.298271430721259,5.722486857004803e-07
4042,46.192799,-122.137199,73277.25105113217,6.977799919215613,3.6950261784123883,8.794250687585996e-07
4043,46.194199,-122.1353,73064.52473111203,4.1439885465515545,4.74012600601393,3.049173599179892e-06
4044,46.195599,-122.1362,72983.69391609162,4.467530713547603,2.5337105917703746,5.36922147751214e-07
4045,46.196701,-122.139198,73028.68344949851,5.709587416204158,2.650533265631116,1.8608677044003425e-07
4046,46.198002,-122.139099,72909.90664699141,9.207499426061986,3.183720250779408,5.708156748428624e-07
4047,46.199799,-122.138496,72723.83025644558,6.617101939744316,2.9904518546294567,2.776246230051165e-07
4048,46.200199,-122.135803,72560.90079256505,6.452047600105288,4.937787321350738,4.1742346074476684e-07
4049,46.2019,-122.135696,72406.74385086742,11.59892575860431,5.4095211443513325,2.1822729750660083e-07
4050,46.203499,-122.136597,72309.68903990976,9.998967573279515,4.503244955117795,3.320538740962155e-07
4051,46.205502,-122.136902,72149.2612923572,3.8852742029412184,2.455864972935749,4.5748292985614636e-07
4052,46.207802,-122.136703,71939.1435006487,5.543221059779171,3.6415500442587834,4.596250648972108e-07
4053,46.2099,-122.138,71818.78973440942,13.542397465193062,5.048448659321297,2.7616307971420913e-07
4054,46.211601,-122.138702,71704.85598639109,16.379271753001376,5.533348077472471,2.530135605303906e-07
4055,46.212898,-122.139297,71621.10834372164,6.006914158002473,3.953484675920029,1.825400205905771e-06
4056,46.212799,-122.141899,71755.59019186978,5.296110895491438,2.158023371116678,2.0045146122826334e-07
4057,46.212799,-122.144096,71862.15716940243,4.723747000170988,2.065710912207762,9.410535091450567e-08
4058,46.212799,-122.146797,71993.49693602066,4.683755681588082,2.093073581625004,9.869978728924161e-08
4060,46.2146,-122.150803,72034.17523263677,7.552127234797808,2.7184806579407015,1.2023443686711336e-07
4061,46.216202,-122.153603,72034.3137129529,5.093431641769712,2.8290215146516573,1.328880098240262e-07
4062,46.217999,-122.153397,71870.43515266206,3.880429703145637,3.5679954038485513,1.3134885036474126e-07
4063,46.219601,-122.1549,71807.8802707138,3.6960384108533617,1.8985221407413586,2.39794908782603e-07
4064,46.220699,-122.155998,71768.6990785711,3.3893677915766602,2.80924684409305,1.6505028260232238e-07
4065,46.223,-122.1576,71652.68400593597,3.172771329715033,3.22137438127669,1.307226925838093e-07
4067,46.2257,-122.160004,71543.98302042743,4.12281605687167,2.446361332117452,1.6476501237247935e-07
4068,46.226398,-122.1605,71509.84351948102,4.350086234131595,2.5944189215352926,1.9928399404743202e-07
4069,46.227299,-122.160797,71448.66831507861,4.891468484885991,1.9157570047425403,1.7172312855454265e-07
4070,46.227901,-122.159599,71337.72029173578,5.377031354859355,2.8875690092712465,2.2960169462062972e-07
4071,46.228901,-122.159302,71238.41647900004,5.994431180952233,2.18151343488618,3.3702402009993867e-07
4072,46.227699,-122.161697,71460.14275866433,5.326017266605049,3.050504548418025,2.690174318528896e-07
4073,46.227501,-122.162804,71532.50599039432,5.103133934841026,2.4836623961203226,1.5302656349072016e-07
4075,46.228401,-122.167503,71693.88642485521,6.005115707899677,3.189319468222055,4.621888678850216e-07
4076,46.228001,-122.1698,71843.72585569111,6.905338431039127,2.485269937364024,6.314446926205006e-07
4077,46.228298,-122.172203,71940.76863924005,8.532429703060188,2.8947988980740416,7.63126294799499e-07
4078,46.229401,-122.174004,71940.21837517992,8.404821975287632,3.7542954627199814,5.974665092593155e-07
4080,46.232899,-122.178101,71858.64417230498,10.019815615087282,2.378454600978769,1.9503847030753983e-06
4081,46.234501,-122.177902,71715.59711725125,11.101375867481693,2.640736050733934,1.0384848712558263e-06
4082,46.236099,-122.177803,71578.19268210715,12.79334035255306,3.461409673978003,4.684651949170123e-07
4083,46.237301,-122.177002,71437.49604319921,14.17200967943063,3.26688198487426,4.668305047666498e-07
4084,46.238701,-122.176399,71290.6800010558,16.106286582769826,3.297307995437153,5.055269464682663e-07
4086,46.238998,-122.175003,71194.13399253064,15.676881858875277,2.498835938977954,5.114527185506775e-07
4093,46.237999,-122.202003,72683.37236567329,11.055760203613318,7.864305460235606,5.101168151896027e-07
4094,46.238098,-122.205002,72833.55615779487,12.841196167224552,3.4678453290884197,2.4443137190523123e-07
4095,46.237202,-122.208,73064.55906617575,13.198317137837876,2.2178587597477057,1.1114356529888567e-08
4096,46.2369,-122.210999,73247.77182796052,11.891421927473857,3.318259919934374,2.3206596908138716e-07
4097,46.234901,-122.212303,73478.3546168332,11.052614557993365,4.552941504583366,3.265215083402135e-07
4098,46.2327,-122.213303,73709.30107935045,9.927049168429221,3.8175911463753796,2.883546618526813e-07
4100,46.230999,-122.218903,74143.26042635656,9.641831659595482,2.4459012632703385,3.4982138781672054e-07
4101,46.231602,-122.222198,74269.55134047977,10.79979513087892,2.6735242911460344,1.0515176345891061e-06
4102,46.229599,-122.223297,74489.34728647736,11.287778866055305,3.5044950183697114,2.511954101725543e-07
4103,46.228001,-122.224197,74666.01627331268,10.416250501642935,2.998167805278169,4.434790696262772e-07
4104,46.2258,-122.223999,74833.34708124955,9.661922923653037,2.6070634341659678,1.140861757871415e-06
4105,46.223598,-122.223396,74979.81041488866,14.932600543164881,1.8948746038527753,1.6490706564102768e-06
4106,46.223701,-122.227097,75167.06738587355,8.872743479849305,3.832938463170394,9.890667487437486e-07
4107,46.222698,-122.230499,75428.33316159448,8.905785626615398,1.9076467063217404,8.654652486523889e-07
4108,46.2216,-122.232697,75633.53996059716,9.53740396280773,2.522964139073795,1.2410385806632908e-06
4109,46.219799,-122.234901,75895.8263128508,8.7915119365789,2.1422581439040096,8.498252073527908e-07
4110,46.217999,-122.235802,76088.98639581502,10.420035008748528,2.529386540923886,5.603449026824246e-07
4111,46.215698,-122.236702,76322.74229018421,15.833713991465629,2.0023309235904,4.1577017969257886e-06
4112,46.214802,-122.2407,76606.83838480151,10.52768825450039,5.034477400437521,3.419171598667241e-06
4115,46.210201,-122.252197,77588.39094692624,41.96838065639895,3.4849287384914547,1.5690105237592216e-06
4116,46.209202,-122.252098,77663.60818430415,29.63176465345896,5.2452189139964585,2.331441618281667e-06
4117,46.207802,-122.249001,77612.3729641864,13.16790603759,2.0441149806203134,6.589108828311809e-06
4118,46.206799,-122.2463,77550.8251752055,11.336942169335089,7.41905202506911,8.223566484245406e-06
4119,46.206799,-122.243301,77392.7210681839,10.219476725294953,8.01602299324426,1.5157685687590675e-05
4120,46.205799,-122.241302,77368.94262014791,9.645125409937464,8.946022435949143,1.0962144286600564e-05
4121,46.2062,-122.239601,77246.97019743039,9.977511719320319,6.894980275325424,1.2877637238151568e-06
4122,46.205399,-122.237198,77186.4025784101,7.912360394664574,4.212310317855349,1.4088240049589408e-06
4123,46.205002,-122.235001,77104.00989306397,7.492962686927058,2.2519511477299483,1.9713349705456456e-06
4124,46.2043,-122.233398,77077.88422679849,7.676714997229283,2.111686653127721,1.9600139974824845e-06
4125,46.2029,-122.2342,77234.48152028433,8.750910564616788,2.7951586998901448,1.9847030888781042e-06
4126,46.201099,-122.235001,77424.00147182553,13.835170186066534,2.566963318848358,1.5325660427659092e-06
4127,46.1992,-122.234299,77543.66431282954,28.675073534206604,2.960153211776184,2.3354537612517537e-06
4128,46.197498,-122.237,77823.87355748632,18.52936519855575,3.5431769948389773,2.4100700474890373e-06
4129,46.1959,-122.237,77955.44775131911,20.0455062501278,3.1777611978308338,2.089024673794154e-06
4130,46.194302,-122.237602,78118.35063971425,24.04091276199324,2.2772683285473567,1.8856347906606923e-06
4131,46.192101,-122.236702,78253.5981426644,33.219886900886195,2.1298854535214002,5.1815951085075855e-06
4132,46.190201,-122.234299,78287.1967382297,63.096772898192285,2.8128942938970276,7.284715747619068e-07
4133,46.1903,-122.230698,78094.16832500299,92.44125311267271,9.079018473942126,4.082447868610241e-06
4134,46.187801,-122.230003,78266.60653402336,102.14661688462365,5.552242544278351,9.913337648781396e-08
4135,46.186199,-122.227303,78262.65659685123,120.14638544459012,6.193580299067072,8.727005144152836e-07
4136,46.184799,-122.223701,78197.00689861001,168.86087711270375,6.277796404356078,2.394372661200621e-07
4137,46.182499,-122.223198,78364.69833555826,185.05125341165694,5.229197609280734,1.5511503949118816e-07
4138,46.180302,-122.222702,78524.55653976375,204.3943989420659,2.3392226191247527,1.0325342340621622e-06
4139,46.178398,-122.220901,78594.59065067492,221.45088783017127,5.112660613676306,1.6055082595851433e-07
4140,46.176102,-122.219101,78698.61910756154,227.19670361620956,5.340409001097768,2.06571658914664e-06
4141,46.175499,-122.217499,78669.7192401308,236.34165110722824,4.11995113613091,1.8872793127029143e-07
4150,46.165401,-122.197601,78556.10431293493,94.15172261091357,5.636326813666007,1.1222364798569952e-06
4151,46.1633,-122.196098,78665.37653677358,71.39918064526864,2.679809634049499,7.289281151573341e-07
4152,46.163399,-122.192902,78502.62635242725,59.65591835438681,2.275438617360047,4.135594556011549e-06
4154,46.162102,-122.191399,78543.14352908487,58.342742683176766,1.9564479507600627,8.699282016672306e-06
4155,46.159801,-122.192299,78786.74588082905,52.01492312584014,6.181631346501165,1.9024987462499372e-05
4156,46.157398,-122.192902,79025.1739540035,42.02227842131106,2.0575291777458773,3.836763458748985e-06
4157,46.156399,-122.189598,78954.69849297786,31.56678822694812,9.303019643572778,7.274556980385306e-06
4158,46.155399,-122.1866,78899.73519364494,26.827289431879763,7.137753002405201,1.531856231532185e-05
4159,46.153301,-122.185402,79027.17893159689,19.46184820457711,4.84325008757706,4.302609189608818e-06
4160,46.151402,-122.184998,79175.12421370522,17.36049464250391,4.099507402459141,2.0994072265446358e-06
4161,46.149799,-122.1856,79344.65540496667,15.808278470256482,3.9573801734569294,9.159272962268848e-06
4162,46.148399,-122.185501,79463.37129079811,15.447240764493472,3.8445848996180714,6.129776174782646e-06
4163,46.1469,-122.184303,79539.36846839587,14.37782341100683,9.667215230836701,6.466191350517143e-06
4169,46.142799,-122.186096,79985.8473386146,24.50659778052068,2.882985467692351,8.257032850428351e-07
4170,46.143799,-122.189499,80057.06998891565,32.65985849070421,2.1652681110151732,5.550561906863187e-07
4171,46.145302,-122.191902,80037.7711223323,43.49057292283396,4.060413543206777,6.545223421661861e-06
4172,46.147301,-122.193001,79913.92672623886,59.04289517144207,8.943156178712703,2.1445858742976135e-06
4173,46.145302,-122.195396,80202.90384439226,49.23642252194986,9.78641702460897,5.666013674577098e-06
4174,46.144299,-122.197601,80395.42535587582,47.17490052212088,3.6323830581068277,1.3544680614528115e-06
4175,46.1436,-122.200897,80613.13457938394,47.72089263773523,2.3552810317582944,1.2625395045230523e-06
4176,46.143398,-122.2043,80792.73112601985,56.00214687283733,9.873467823524889,1.8561656777741858e-06
4177,46.1413,-122.206596,81085.708915094,56.971842158643994,4.42520352785554,5.0756074534785795e-06
4178,46.1404,-122.209198,81288.49449534225,63.12946280390315,7.272019124782205,8.303225644218183e-06
4179,46.1394,-122.2099,81409.42187462166,61.75968697515782,4.784597741242844,6.362799889971514e-06
4180,46.1385,-122.212502,81612.29112872336,65.30872279436153,4.930689696411632,6.566137435116104e-06
4181,46.1367,-122.213699,81826.75158050077,63.22117035582778,7.555489150077561,1.1070213720385421e-05
4182,46.139999,-122.207001,81218.87532714158,55.52364276512526,5.257534435722602,8.491676476578361e-06
4183,46.1399,-122.203903,81080.31564116532,50.13355540673365,1.8930694638094883,1.1025630466508565e-06
4184,46.139801,-122.200699,80937.20576431655,45.503198571750545,5.959271554360815,2.4151768519828273e-06
4185,46.1395,-122.198303,80850.48917306054,45.596988569319365,5.006905235328989,1.818105724308036e-07
4186,46.139801,-122.1959,80710.71711032436,45.200447425449966,2.7869165922566452,6.003386439981989e-07
4187,46.139198,-122.195,80721.53978533426,41.87347834001412,2.9405398649416084,6.593176150555644e-06
4188,46.138,-122.194199,80789.66260008665,34.22319823935686,3.5467141454184703,2.5312766824306105e-06
4189,46.137901,-122.1931,80746.8782854644,32.72660719798296,6.926998015145288,1.2083651737262395e-05
4190,46.137798,-122.191498,80680.97748019571,33.678526451738435,3.3141003335027577,1.1394564546366387e-06
4191,46.1376,-122.190201,80637.87022297207,35.865279935649596,9.213092742169787,6.577947489392227e-06
4192,46.1366,-122.189201,80679.80289397978,33.23625479574548,2.082966081921817,4.0501342219274475e-07
4193,46.136398,-122.190903,80777.10099022703,34.399565282452386,9.029866332646666,5.2224140927940265e-06
4194,46.135899,-122.191299,80839.78770669193,34.664125651237555,5.406881972921096,4.346988440280766e-06
4195,46.135101,-122.191704,80929.3868214911,32.25405351990776,7.281397740684659,2.232326911554858e-06
4200,46.1385,-122.195801,80820.76967005769,43.85961461896659,6.63514995349126,2.8042383414170263e-06
4201,46.1376,-122.195801,80900.1819381475,42.716825499010156,7.699584477101538,6.3647432729375245e-06
4202,46.136799,-122.195602,80961.55921000818,44.803178560658125,2.104590060730507,4.835042377869685e-07
4203,46.1357,-122.195801,81067.97994965741,42.62538438511547,2.9183914445973387,6.61964295847857e-07
4204,46.1348,-122.1959,81152.17024109747,41.45252321071166,3.6535280425633028,5.329805688681544e-07
4205,46.1339,-122.192299,81063.57698937961,29.5019659914542,2.8747403059223076,3.251688039950639e-07
4206,46.134602,-122.191902,80982.84266469337,30.75457517785253,3.1608108321586856,1.9275403738860134e-06
4207,46.138802,-122.196899,80845.79980545818,44.96336224648985,4.023924464917222,2.1752781221679452e-06
4208,46.133999,-122.196503,81251.23219460025,39.54055299707397,3.1375942938225023,5.351014345238504e-07
4209,46.131599,-122.196999,81486.78911732903,31.13266326628218,2.1886509393754365,1.6245513820959916e-06
4210,46.129799,-122.196198,81608.90554941067,27.876612344465684,3.4219399362242657,1.6964584805825782e-06
4211,46.129299,-122.193398,81523.02732850025,31.58204100538569,7.642655799025252,2.083264885475011e-06
4212,46.1278,-122.1912,81554.45548006447,35.1057107054512,3.286882731472348,4.005316816293689e-06
4214,46.129101,-122.183899,81101.62983808415,43.102837659593206,3.701546038682329,8.236948602623844e-06
4215,46.130199,-122.181503,80893.3850709728,37.820214422783465,1.8276519845988535,7.915850627280574e-06
4216,46.130299,-122.178398,80742.02736316659,31.13335877894133,2.6810545445243195,5.374281136175946e-06
4217,46.129101,-122.174103,80653.33631917927,27.832154027244542,6.713542188826209,4.947021783711231e-06
4218,46.131199,-122.169403,80251.05893712315,26.88509450573474,9.890692712358893,2.481438428532378e-06
4219,46.174599,-122.219597,78850.77326637467,230.16636191459838,5.475438154914273,6.149281879070399e-06
4220,46.172901,-122.222198,79124.63106828916,222.61674886044057,1.8688194426002305,9.16558407103349e-07
4221,46.171001,-122.223297,79340.60644819199,215.86223958438495,5.582592555716278,3.34213873147332e-06
4222,46.171501,-122.227303,79498.59507271915,208.65177398361266,2.7420884736883986,1.9716880690377094e-06
4223,46.168701,-122.227898,79765.40193856705,237.6015924650419,5.303610242112199,4.2867843890094565e-06
4224,46.166698,-122.227997,79940.18171684089,238.25313263254066,2.0925975204790634,1.3300610235932603e-06
4225,46.165401,-122.230598,80180.01550284374,230.20836790873727,4.622209317891881,1.4736443436301228e-06
4226,46.162601,-122.229698,80372.92110210222,243.56294634049118,4.191800941394269,3.6626993510852128e-06
4227,46.161999,-122.227402,80310.08372402654,235.90556743867637,6.3990140400541815,5.28653314500563e-06
4228,46.160702,-122.227402,80420.62121481875,237.90005707088858,7.41169059580576,8.765775185026273e-06
4229,46.158298,-122.230301,80769.25286251486,233.6245414815785,3.544375615335673,3.0493211327482848e-06
4230,46.156502,-122.232201,81016.5458221756,235.46539431385463,5.571474974968735,9.125073394351772e-06
4231,46.154999,-122.233002,81184.4320805838,236.41286246421805,9.952514574519519,9.789978588759775e-06
4232,46.153099,-122.233498,81371.19293821814,226.3820457382535,9.955157893429744,7.406764153336935e-06
4233,46.152,-122.233902,81485.06525007317,220.01541530735267,8.541814301091822,3.872004883791308e-06
4234,46.1507,-122.2341,81606.00414416433,214.15391899080714,4.465981088913021,1.098777852934562e-06
4235,46.150002,-122.235703,81744.79710321946,215.7080660804204,3.830843808605299,8.460012795601909e-07
4236,46.148499,-122.236198,81897.78729446458,207.4792919735337,5.130914864996984,1.2629463357764042e-07
4237,46.146599,-122.236,82050.75264653575,195.80933509129682,2.8470803592374736,7.166700683648531e-07
4238,46.1441,-122.235001,82216.11444312465,183.88574241312745,3.0987763632661354,1.5462949931638058e-07
4239,46.150501,-122.236702,81751.48993888064,219.35280245174363,4.759291469530077,1.9641440963401526e-06
4240,46.1506,-122.239502,81881.60304950549,218.76051093674323,3.707490368300839,1.2980110634058687e-06
4241,46.152199,-122.241997,81869.276482867,236.2084939176566,8.547599643103396,6.592260407897125e-06
4242,46.154099,-122.242798,81747.71526559832,239.05510724239866,8.830366917327328,4.306767055654537e-06
4243,46.1558,-122.244499,81688.42932292576,229.92182987558772,9.754714423056818,1.5829556907116004e-05
4244,46.158199,-122.2463,81575.79517137767,217.84035661937378,8.66920493899461,1.6269100243349303e-05
4245,46.1605,-122.248001,81467.3171197832,209.72776696967776,8.715266171288006,1.8265386720975097e-06
4246,46.161499,-122.248901,81428.64292065478,199.41437720468093,3.766711621084397,1.0419481777583627e-06
4247,46.163898,-122.250504,81308.24625628188,178.9128201293497,2.009597410876455,7.081959825764453e-07
4248,46.164902,-122.251503,81274.77891395437,165.26784482011863,5.735167945590847,1.3562622727761453e-05
4249,46.165699,-122.252502,81258.83591347259,150.7176984836551,9.768660696368276,1.701771035789197e-06
4250,46.1665,-122.2537,81252.8613609416,136.97463665927353,4.582547658886672,3.7499239759599222e-06
4251,46.1674,-122.253899,81187.85510623844,130.28345143439947,7.4793746635192395,4.168338097069344e-06
4252,46.165699,-122.255402,81406.49909854884,132.3454708038771,7.486381021688333,4.246089564826647e-06
4253,46.167301,-122.254997,81252.13954355908,126.53982968338823,5.03714330066849,2.2051648403818603e-05
4254,46.1675,-122.255898,81281.55681297397,124.45719931133499,9.270656751283328,8.264197539902188e-06
4255,46.167599,-122.256798,81319.30693028696,122.20080365914328,2.2349446718687602,3.0653298599556146e-06
4256,46.1679,-122.257599,81335.2174708444,118.54695064056432,2.044066445776236,3.326101671706054e-06
4257,46.168098,-122.256104,81242.25350303389,122.73890884748835,7.415727389461675,8.038841551634849e-06
4258,46.1684,-122.255302,81176.09315897884,123.82045163105067,9.772396172954199,1.1088182929114254e-05
4259,46.1689,-122.255501,81144.61531413489,121.84682515134045,3.403594138355381,3.1931644443041733e-06
4260,46.167099,-122.256203,81330.56602558894,124.41710790277284,2.3001121844115464,1.326681555956911e-06
4261,46.1665,-122.256104,81375.46097480848,125.88156478104065,9.408028887240338,1.5477257136822405e-05
4262,46.166,-122.256203,81422.22653633836,126.99665771462605,2.231470659831218,3.7102970500680057e-06
4263,46.165501,-122.2565,81479.02002421863,128.092320540949,9.860184548548279,3.66623673075475e-06
4264,46.165901,-122.255302,81384.53466838664,131.72430937371973,1.9068335443941753,2.90468970960494e-06
4265,46.165298,-122.255898,81465.26787237989,132.35386056690186,1.900030280130365,2.8790704855604276e-06
4266,46.167599,-122.253304,81140.90063397704,132.47276098003204,8.859718271341535,9.709972346654212e-06
4267,46.168098,-122.2528,81073.54418260074,132.06040606972238,2.1499005902585107,4.732472247962503e-06
4268,46.1684,-122.252098,81012.53811500594,134.12350707678706,2.115595467966486,1.5762482029005256e-06
4269,46.169399,-122.2547,81062.08963964996,122.40993456481374,2.9649001618426265,2.838606223150057e-06
4270,46.1688,-122.251198,80933.26080200826,136.57335678196978,2.2407736692878606,2.0572763660441607e-06
4271,46.168098,-122.258003,81339.42079030469,115.81233380164485,8.968059840713412,5.717939588638683e-06
4272,46.164799,-122.257004,81563.32056447207,129.53992392492364,5.344330354082522,8.2525174035035e-06
4273,46.168499,-122.259003,81357.30654230209,108.69994754143408,2.574215674488645,4.843274264830981e-07
4274,46.142101,-122.120499,77084.89795287624,22.39771828656376,3.570734131779049,1.3423434929066997e-06
4275,46.1446,-122.122803,76956.23857686852,21.617087918464676,3.297928429058879,4.2344626450215204e-07
4276,46.145901,-122.127502,77043.65920008448,19.44983101906837,4.989716559189535,7.968570685136135e-06
4277,46.144901,-122.1315,77311.39968191332,19.667289648510632,3.6275078649771455,5.207930018975953e-07
4278,46.1441,-122.1353,77552.70520624338,18.78482113525388,2.898661376229368,1.1616508863862887e-06
4279,46.143299,-122.138802,77781.19658880269,18.33190847937658,2.5735292149884366,9.684230639446683e-07
4280,46.142101,-122.142601,78059.32824572196,20.61393238141318,8.74881091278178,1.5549188069475296e-05
4281,46.139801,-122.1437,78317.08511788638,19.45704397407826,2.7261826803664846,1.503208024240672e-06
4282,46.144199,-122.145103,77981.25995635771,19.08551965141669,2.241575141193782,2.2676028331909006e-06
4283,46.146301,-122.144302,77755.17618137447,14.924852903743158,3.57516057870284,1.9482907665198675e-06
4284,46.1469,-122.146202,77786.58609123826,15.052776541022467,2.4510591707244958,5.537981314576968e-06
4285,46.148998,-122.146797,77624.20166170145,14.919481489952886,3.71382793531954,2.3015428507850125e-06
4286,46.149601,-122.149399,77687.75661977146,14.787065630225698,3.1585474453097975,3.270791531489191e-06
4287,46.149101,-122.151398,77823.49344492995,15.275435354327783,2.16827111350489,1.4852569253136338e-06
4288,46.148102,-122.153503,78008.98315576422,14.084333672275534,3.753521343257832,9.833636327395144e-07
4289,46.147999,-122.1567,78163.92899901589,13.893890344697866,2.792276721084774,4.1121021025394e-06
4290,46.150101,-122.154404,77870.62389944555,12.957103245382314,5.771937249911156,3.753604461552114e-06
4291,46.152199,-122.152,77572.75258160097,12.916263413673732,3.8755036389469426,3.5385376850360047e-06
4292,46.153801,-122.150597,77365.05290801452,13.065136767632794,3.987785179835532,3.929627257799777e-06
4293,46.155899,-122.149002,77104.12721544449,13.176647369313287,2.7966170618846613,2.4093626344732864e-06
4294,46.157398,-122.146202,76841.8958422684,13.825287172978278,5.288813207891446,4.193501572587435e-06
4295,46.157101,-122.1436,76750.04270115476,16.215970275647123,4.190386072091341,2.456720157135465e-07
4296,46.1562,-122.140701,76699.53467740923,15.35682513518259,5.231204613701389,6.637852329267534e-06
4297,46.151001,-122.145798,77398.53373994982,16.257568589498987,2.7838437861698475,8.150841209699399e-07
4298,46.1516,-122.142303,77186.57849408255,16.726985374611104,6.582901637707473,1.1855110810672923e-06
4299,46.151299,-122.138702,77051.63054743451,15.110681138728978,3.43017449309758,4.003308177186593e-06
4300,46.150299,-122.137199,77074.6924918707,14.838481102589867,3.841423229155744,5.17720438747514e-06
4301,46.149502,-122.135696,77079.66983858733,15.435128930126666,2.2774995625081433,6.385970567270084e-07
4302,46.1492,-122.1343,77044.75296238757,15.903561198720126,5.219415965912276,4.335264308544958e-06
4303,46.149101,-122.133301,77009.21934327703,16.346449433622183,4.941941149718189,2.9761998644013796e-06
4304,46.1488,-122.1325,77000.91256089028,16.70550465643464,7.616034639447038,8.903889953102212e-06
4305,46.148102,-122.131897,77037.56782012837,17.501943224095157,2.318556872181747,1.4322651424437523e-06
4306,46.1474,-122.131401,77079.42057700576,18.287398242406198,2.7497967992909467,2.433735668657033e-06
4307,46.146801,-122.130898,77111.65747818204,18.791960395028582,7.1186237353494235,8.735496457791449e-06
4308,46.149502,-122.133102,76963.93747820711,16.18526285176631,2.767933021156477,5.157329662695879e-06
4309,46.150299,-122.133598,76913.70101720735,15.692221358345705,4.734235784833874,2.5799732888962146e-06
4310,46.1511,-122.134598,76885.71594143882,14.97766920363938,3.041147227673993,1.0726209650440572e-06
4311,46.151798,-122.135101,76844.96956806156,14.40347331299563,3.8693476369635253,1.396262941939101e-05
4312,46.1525,-122.1353,76790.31010509467,14.295883562328527,2.7875380592868515,1.1140416878659965e-06
4313,46.138199,-122.1716,79723.46245512394,21.62889576390444,8.779204051008302,7.031950496280466e-06
4314,46.1408,-122.170303,79431.36319464092,21.284516421656008,2.79604091034996,5.857542027112924e-07
4315,46.1451,-122.167999,78941.3431565678,22.01406268669234,6.769329970649528,7.733163290095433e-06
4316,46.148201,-122.169899,78752.71598905587,24.87095045951719,5.435394342431225,2.041339299920067e-06
4318,46.135799,-122.166397,79700.92228730903,31.40267437256989,8.079916506006512,9.448363325414229e-06
4319,46.1535,-122.136101,76735.75723426677,14.19838305398298,3.451449054329874,8.160261701332054e-06
4320,46.155201,-122.138397,76685.4466812011,14.775988017456257,8.150960581533136,2.298968823589367e-06
4321,46.1371,-122.147697,78740.54059636811,21.74233980230929,2.406846151862049,1.1905921560734638e-06
4322,46.136101,-122.152702,79055.03305475673,28.321696190541843,6.942415554464086,8.96624293145087e-06
4323,46.136299,-122.157204,79239.55325628523,25.414415541788912,9.742353273625001,5.035997482871431e-06
4324,46.1367,-122.162102,79424.82889236507,33.90984907076927,3.831906058190999,1.264167118663242e-06
4325,46.136002,-122.165802,79655.61598055347,32.333570455986774,2.8758031275237013,3.5927384827874673e-07
4326,46.133598,-122.166298,79894.30474499479,29.476481173740467,2.1639768382123927,3.6310941974694323e-07
4327,46.1366,-122.171204,79848.4352303483,29.496859074773965,2.4842483701489377,9.873261466329911e-07
4328,46.1395,-122.171402,79598.03923318267,22.32791594370792,4.874945183613372,5.93887213043665e-06
4329,46.1422,-122.170502,79315.45064098056,24.35533094627317,3.85074778751557,2.2787869480324293e-06
4330,46.144798,-122.171097,79111.14014757474,29.318215103950934,2.6999826732274537,8.294053463013397e-06
4331,46.146599,-122.169701,78886.18873084121,27.064304342886317,5.05768432456914,8.721389066283546e-06
4332,46.149101,-122.169296,78644.71697247376,23.866459986995324,7.132132229047727,4.723446865461101e-07
4333,46.151199,-122.169098,78449.00574631031,23.51732913585147,2.15331182126713,1.6291621229328654e-06
4334,46.153301,-122.169296,78271.57207703276,22.81317672265868,2.222662548302457,2.1057603477069698e-06
4335,46.155499,-122.170303,78123.69302836382,25.846470707576373,2.16436742423378,1.1590763923258817e-06
4336,46.1334,-122.251198,83929.7578437441,151.53125703008845,3.144722951449714,6.156442206357558e-07
4337,46.1297,-122.251999,84286.66502708409,140.16362429919536,3.869466298279203,4.6176941950340804e-06
4338,46.134102,-122.256104,84111.5176198315,165.01315139741928,3.1689132961456896,3.285967225968627e-07
4339,46.132999,-122.259697,84383.43363867201,158.93722111277748,9.251496920903747,9.798872076758916e-07
4340,46.129501,-122.259102,84652.99309265392,146.96638650470413,4.111493827596044,1.8264617315390056e-06
4341,46.128799,-122.262901,84900.59288980626,148.38308933237568,5.878636706870527,5.05885458209482e-06
4342,46.128899,-122.266899,85090.0314934084,144.97761613767943,3.6824755449802034,1.6186624078694606e-06
4343,46.127102,-122.2686,85327.58488327265,138.01324077532627,6.299822271849691,4.763886104569626e-06
4344,46.126598,-122.271103,85494.73649777149,136.22523033857578,7.28016599355318,9.807213381315922e-07
4345,46.1273,-122.265602,85162.2075215799,149.95178771244537,4.7786498413362475,2.2625112842940117e-06
4346,46.125401,-122.264503,85270.24258585248,141.93184580351226,7.845744178264375,6.799151003815311e-06
4347,46.127499,-122.249603,84358.82424021659,119.46207815884554,6.4046228551510564,2.4331260535872835e-06
4348,46.125,-122.247902,84491.56280425163,98.64541563637613,4.3865577456978935,1.006205096969828e-06
4349,46.123001,-122.245003,84523.87167760698,83.6214292505756,7.774879560225957,1.2793782189526224e-05
4350,46.124199,-122.241501,84250.63164170057,82.59972895524697,7.94346394784763,8.67897896476541e-07
4351,46.1222,-122.239502,84327.86046796029,67.9661976712523,4.861200345871451,1.1367871038360678e-05
4352,46.1199,-122.2379,84451.15416045146,55.52585437960806,3.49952317119398,1.4111121586903608e-06
4353,46.119499,-122.233704,84285.3532874183,49.31895317151793,2.4267388417782225,7.023590415949891e-07
4354,46.117699,-122.2332,84418.74677052331,42.791851349771605,5.395173174748972,8.757917991657028e-06
4355,46.115501,-122.231003,84506.9216216646,37.37804995183251,8.426328605390964,3.3598790888134394e-07
4356,46.1134,-122.228897,84591.80489067236,32.12504657678073,4.44920977621282,7.120532319062874e-07
4357,46.1119,-122.226303,84601.5845860669,29.6223285265296,2.9481081020871924,3.477518795266866e-06
4358,46.110199,-122.2229,84592.01660920937,27.726893106810167,7.7974849787538245,3.143452098653058e-06
4359,46.111198,-122.218399,84293.1192885137,27.343010901051457,4.783499950125472,1.519046015959678e-06
4360,46.108101,-122.219902,84637.75341094706,30.03233030749834,8.701158242817757,5.838641676567964e-07
4361,46.108002,-122.216003,84465.18363083592,30.62248335762706,8.526247076810948,2.0357636649585656e-06
4362,46.1078,-122.212303,84311.70537325609,36.097725114334025,2.890754947630694,9.681628869247297e-07
4363,46.105701,-122.214897,84618.64229442415,36.63715435526683,7.473055330871508,1.2924217171794766e-06
4364,46.1036,-122.216202,84866.14706122645,36.268793519353494,2.1692034048678828,9.258105656078347e-07
4365,46.101101,-122.2146,85015.174093205,31.80062413266569,7.678259798336339,2.3415290621596184e-06
4366,46.098801,-122.211197,85064.69773888249,28.629656536810216,8.863971067723051,3.171443135164685e-06
4367,46.0961,-122.2089,85202.1323146014,31.36373662245751,4.867407636912342,5.575615996535978e-06
4369,46.091202,-122.211098,85742.43455330025,32.68636971346859,6.441631293955409,2.898626463777125e-06
4372,46.1007,-122.208099,84752.79799074511,30.492264851389336,4.66640349292827,8.272842652786763e-05
4373,46.104198,-122.2062,84352.49512999291,27.746674882466323,4.814259365854778,8.942564491870382e-06
4374,46.1073,-122.204903,84015.39900384807,28.768283771147253,9.177391332767762,2.3191594502825095e-06
4375,46.1096,-122.2052,83823.46328990301,31.194968803654774,6.1993698806428155,5.906993266536134e-06
4376,46.1115,-122.204399,83616.93520602716,32.52186095152865,3.118853032481992,1.264735109177727e-06
4377,46.113201,-122.203102,83405.3598517833,33.22381777326518,7.713675542509871,6.689678407434029e-06
4378,46.116402,-122.203903,83157.06735519641,35.340144090674585,6.785976301072142,9.782127093209267e-06
4379,46.118801,-122.205704,83027.30783841765,37.102890814931015,9.537678898586229,1.149238034568071e-05
4380,46.122799,-122.2071,82737.90910362736,51.67186820937786,8.180737840663284,5.763687000262095e-07
4381,46.124901,-122.187599,81646.99834018262,33.40432996331947,6.261050184831502,8.45544332618881e-06
4382,46.122501,-122.189697,81957.9085853501,30.837640789410216,2.805800124345187,1.7302257277311544e-06
4383,46.120499,-122.191803,82233.6169346137,30.387401052939822,4.014426976789894,2.2981378556584867e-06
4384,46.118999,-122.194603,82496.36394886956,33.98777281765069,6.337092504975544,0.00012548739612332332
4386,46.119099,-122.201103,82787.37107288839,40.72213451935386,5.750981041676555,6.990101165890846e-07
4387,46.120998,-122.205101,82804.24404131112,52.59394221047114,7.201689040508752,9.09034882942784e-07
4388,46.119999,-122.209503,83098.10990439287,37.423538053029915,7.849445725575656,2.7187254397987834e-06
4389,46.1208,-122.213402,83209.83635212343,40.76949117402546,2.372080471211531,6.445747054237899e-07
4390,46.124802,-122.213402,82856.8182275562,40.85235909715993,2.673592711835591,6.814959322767055e-06
4391,46.1278,-122.211899,82521.9406586709,42.11260434058204,3.9986945636562687,7.565020712274465e-06
4392,46.131001,-122.210197,82159.96269765658,44.3807851064048,9.007980476881425,9.368616334020154e-06
4393,46.133099,-122.213203,82118.31793009835,49.67181473846722,8.9408422406867,8.381567785311802e-06
4394,46.1367,-122.217598,82013.19167776353,74.44687888088811,2.9535574794087713,1.1636979935985278e-07
4395,46.1395,-122.221603,81961.97817108271,102.87104800438101,4.15584096316141,1.659685006810678e-06
4396,46.1418,-122.2248,81917.12142650885,126.58648878932581,8.431918631096627,2.2709361581550297e-06
4397,46.143501,-122.2295,81998.68553574294,153.6569018844457,3.6059062933868398,3.8263608591304617e-07
4399,46.148998,-122.230698,81584.43443990468,199.78707637313346,2.104571843704966,5.906467750289123e-07
4400,46.143799,-122.239197,82448.01244548199,194.92610368994065,8.230275793753496,9.655161021113157e-06
4401,46.142799,-122.2435,82745.60499987104,200.88736174405494,4.481418016185668,7.403633926438693e-07
4402,46.1423,-122.247002,82961.20631080627,204.37031475285767,4.502557287440613,5.072288517002139e-07
4403,46.141399,-122.250702,83221.25368540017,199.97257954627275,5.216725374684473,2.8358061097292425e-06
4404,46.141998,-122.254501,83358.84814391252,209.37869878044876,2.508530975333664,1.1539683035308792e-06
4405,46.140999,-122.2584,83637.9092935391,209.18770542730635,2.3510550292911017,3.184473900942712e-07
4406,46.1418,-122.262802,83789.92087699112,196.91773864575953,3.178076238404431,4.369455370128878e-07
4407,46.1422,-122.267097,83971.57497809145,183.68071195566154,2.502583153278845,2.4877919117748176e-06
4408,46.143902,-122.2705,83999.5543520832,171.10951158271928,7.7189905427153835,4.383153717463272e-06
4409,46.145302,-122.272598,83987.96752599395,162.89786840288434,2.6496777478565052,1.072098348657007e-06
4410,46.147701,-122.275703,83944.54670787847,131.90874954299943,2.3250802152422683,1.237666803924583e-06
4411,46.1465,-122.2836,84447.60979725557,111.66729473047599,2.6036646659974085,5.099843424973347e-06
4412,46.146198,-122.279999,84288.9618014591,119.56489121982304,3.147524535777358,1.2733479658736941e-06
4413,46.2365,-122.285698,77349.47801750398,16.59610578340653,5.504999203767603,6.220406586565463e-06
4414,46.1516,-122.276901,83680.12379816634,111.89332332699269,2.718838869495589,7.476338480790219e-07
4415,46.153,-122.2742,83425.39312967546,113.78210821960238,2.4837280100568466,4.5244066376134396e-06
4416,46.154499,-122.271698,83172.600598928,117.42149691999657,9.825711378553203,3.692722509394009e-06
4417,46.155399,-122.272102,83118.21175170936,115.0072197572299,2.7768249035756782,8.459775132760274e-07
4418,46.233898,-122.286598,77599.27174596088,16.965173274395056,2.460922256040771,3.580867058381226e-06
4419,46.150398,-122.272102,83535.74328911066,134.76841778510425,4.382727877171111,1.5987038582931472e-06
4420,46.153,-122.269997,83211.02838011147,128.6744602023682,6.145383533286393,4.450144477863028e-06
4421,46.155102,-122.268402,82954.13295217323,125.33219809248112,9.152378576628033,3.5580737121548527e-06
4422,46.157299,-122.266602,82678.9014666879,122.82547191152116,2.127600739420898,8.271470878732951e-07
4423,46.159401,-122.265404,82442.37026786925,120.95008452799811,2.470346371050389,2.9715927616247782e-06
4424,46.161499,-122.264,82195.73419568075,121.268666903532,2.1212458773077945,4.3415000293714064e-07
4425,46.164001,-122.2631,81941.33077009523,114.84846417295921,2.2895023596739725,2.2810732029528672e-06
4426,46.166199,-122.262299,81717.48631182525,104.9396815772925,2.6187124305656795,1.2678259733580856e-06
4427,46.167801,-122.261299,81533.07984155993,96.70133897368214,2.2095784974943227,5.463780278325296e-07
4428,46.1702,-122.262901,81416.48472856305,69.98124310592539,2.1724850999595087,2.184536709494156e-06
4429,46.171398,-122.264999,81425.60780291645,62.36221418758214,4.930528437037732,4.889613580199176e-06
4430,46.1716,-122.268898,81610.66743719674,50.740126204429544,8.60925379345063,5.178077793705358e-06
4431,46.173801,-122.2714,81559.50725855639,67.63534127670573,8.654764005752481,3.3392364921304566e-06
4432,46.175701,-122.273697,81523.42672428014,71.91157647543878,7.9549127495953424,1.2100569423693897e-05
4433,46.175701,-122.277199,81706.53930113316,71.06912898684095,9.14524830442907,1.0673490753057316e-06
4434,46.177502,-122.278801,81643.57811818742,67.45272208903043,9.296801021823683,8.654838249370922e-06
4435,46.18,-122.278702,81435.01241833158,71.44078834023094,7.75306747235086,4.0488989672823445e-06
4436,46.180801,-122.281799,81533.21812212256,52.809304857844836,8.882661238482715,2.71836852442849e-06
4437,46.181801,-122.284401,81589.78268340309,31.97074732047622,4.560409458878676,5.4773935750049005e-06
4438,46.183201,-122.283096,81407.43210710991,33.298286880381056,4.2286189196090085,1.8498963095853075e-06
4439,46.185001,-122.281303,81166.90284513874,33.3489850989281,9.391108293694824,1.3139014824979837e-06
4440,46.186401,-122.279099,80936.94010458031,46.76151716838649,9.75312781048335,9.042526627819442e-07
4441,46.1884,-122.2799,80818.00288802762,49.118009757308755,9.506522416665538,4.27014387356687e-06
4442,46.190399,-122.279999,80662.17295440054,35.09952143249393,6.521014819855927,5.869118227628965e-07
4443,46.189999,-122.276199,80492.48518903779,56.886817660415545,8.39543027083043,5.769736920859742e-07
4444,46.1889,-122.273598,80443.53587989068,73.44048659692635,8.666613278808565,3.1920788006963323e-06
4445,46.191399,-122.272903,80204.60763163978,94.93057290290017,5.729377408105355,2.590008337558251e-06
4446,46.193699,-122.274002,80077.34459510635,101.00109585296013,6.018136913341479,4.5201065821058966e-06
4447,46.195702,-122.2761,80027.93154545814,77.6490034298622,8.329950741920644,2.535313761980408e-06
4448,46.1922,-122.273201,80155.71151672683,97.46899577400472,5.821059627096603,3.594930930125354e-06
4449,46.1894,-122.280197,80753.16963246951,38.04513295224751,7.44029352478522,5.324095775231731e-06
4450,46.184601,-122.282204,81246.98628100527,34.49567934649531,9.902203376408359,7.799442641155931e-06
4451,46.181599,-122.285896,81685.30782765748,29.70469616247283,8.81624359981336,2.5915769396897463e-06
4452,46.180801,-122.280502,81464.77462054332,59.23148739924363,7.517968246053416,8.45514940859491e-06
4453,46.176899,-122.2789,81697.92771429382,71.61719047684164,8.853072495251455,4.858657280547851e-06
4454,46.194099,-122.130898,72866.6637914888,5.34655470175494,4.641725845865671,2.8810328415533216e-05
4455,46.192902,-122.128403,72855.93444322876,5.348282479593763,4.010223448748825,3.4220655119632385e-05
4456,46.191799,-122.125198,72804.63121213407,6.158915162362973,2.76001952413432,1.8390768908330258e-05
4457,46.191101,-122.122299,72732.40449555349,7.068106013612123,9.540571171095026,1.199939489308433e-05
4458,46.189098,-122.120499,72827.90547674957,9.470962365347077,3.008723116050907,8.0711903665667e-06
4459,46.188499,-122.116898,72716.09649467313,8.637840215145843,5.891811923763868,2.0503061777049103e-05
4460,46.186501,-122.115196,72817.29870629607,9.891813028254546,3.387841022394582,1.3668934820461026e-05
4461,46.184799,-122.114304,72929.4642863759,22.83162022814213,5.201822523491022,9.655467319443694e-06
4463,46.182701,-122.1082,72842.26584088217,9.339513017839636,8.949361718309204,1.0464846321598396e-05
4464,46.181,-122.106499,72919.59750032454,9.958375677233562,2.695103991415881,1.4145558725903032e-05
4465,46.1782,-122.105103,73110.86103669624,14.660270680498797,4.309604471615613,1.4408191091762134e-05
4466,46.1777,-122.099998,72929.3260209345,18.63321994067519,2.8101381738093028,4.5952513619671786e-06
4467,46.174801,-122.098,73105.35031228593,18.816101457894547,2.4527425699097853,1.0242046353793916e-05
4468,46.1717,-122.098297,73401.76949903378,21.265744205666124,1.9044569430327472,1.0286784727321827e-05
4469,46.168598,-122.098503,73694.72824849401,23.350701640272746,3.0278611130667894,1.5312778782313887e-06
4470,46.166302,-122.097099,73844.02555165974,32.83189545820642,6.337628957148444,8.283938664782385e-06
4471,46.165501,-122.093102,73744.16337013191,23.570881646723137,7.188837360210942,8.779540879221774e-06
4472,46.144299,-122.116096,76691.5400324338,22.228623831644654,5.680445853866748,9.944427842993348e-07
4473,46.146999,-122.112602,76291.62803044668,22.409262926419615,2.449232374410239,1.0925147154300063e-06
4474,46.1493,-122.109497,75945.33377603814,22.260975894751027,2.477100009966135,7.441934218676122e-07
4475,46.151001,-122.106903,75676.44361199097,21.814587057815515,7.890222709776994,2.523699099960663e-06
4476,46.153198,-122.105301,75404.82561484998,22.34891274762049,2.352033144573503,1.9424505485963498e-07
4477,46.155201,-122.102699,75107.80005202773,21.49796324224735,3.372468909886938,5.26415292658419e-07
4478,46.157398,-122.101097,74836.185577888,21.940174395160284,7.974777404117903,1.1812157591361564e-05
4479,46.1586,-122.097603,74574.43819508425,22.35115734502324,3.4062865001192515,2.510590704527888e-07
4480,46.160198,-122.096703,74388.29648310979,22.535467633453663,4.076349461637455,2.291584070677663e-07
4481,46.161701,-122.095398,74193.42968629477,23.197106480729417,2.880863663158191,8.058644399987512e-07
4482,46.162899,-122.093498,74000.97765631665,23.534109996588086,2.875649756745242,1.5642083432932272e-06
4483,46.164501,-122.090897,73741.07572095522,23.851680198378745,2.0233136597979975,1.0500950418401193e-06
4484,46.153301,-122.100502,75188.18759217973,21.380503865715582,3.3919504484806846,9.864853255899774e-06
4485,46.151299,-122.098701,75295.84983987518,21.211544525474892,6.7902713221439,8.211573492163309e-06
4486,46.148899,-122.097298,75458.1246886608,21.525884885530104,8.319514408197978,1.0763224681839958e-05
4487,46.146099,-122.095497,75641.42148617502,21.689492391000385,5.107593819850327,1.2831850579887163e-05
4488,46.1437,-122.093498,75780.09740748875,20.295868670073105,5.088879809774546,1.3055006541234259e-05
4489,46.141399,-122.091301,75902.30855222074,21.173062555186334,8.911599005360332,1.3372856332254464e-05
4490,46.139099,-122.0895,76041.97043792729,25.53429695290106,7.626695219671005,8.769060828188656e-06
4495,46.138,-122.139397,78289.66771227076,21.19128146674484,6.745155738904428,1.4486837328129076e-05
4496,46.138302,-122.130997,77891.87296756679,21.634282129627536,3.8099023837249972,5.624867512235471e-06
4497,46.1404,-122.126099,77485.23744102847,23.21270730206743,6.2288720473933,2.7947951888541173e-06
4499,46.157501,-122.0951,74568.07125289194,21.80256229697261,2.40367405980707,1.9019790307131097e-07
4500,46.155899,-122.092003,74583.57999637701,21.221588483589585,2.120373056507874,1.223383134957544e-07
4501,46.153801,-122.088501,74629.14605960915,21.908600018083234,7.022653402142446,1.395830927583849e-06
4502,46.152,-122.084602,74631.97735141897,21.43642432190245,6.554936183681237,6.94647704488705e-07
4503,46.149502,-122.081703,74743.49230584239,30.43896157614654,7.57718062407037,1.1595727632046143e-05
4504,46.147598,-122.080399,74867.19701706365,28.637608247547178,4.864278233477546,5.769142875105917e-06
4505,46.145302,-122.079498,75044.9011486556,41.494108414204675,3.7022667233987767,2.0931822650139727e-06
4506,46.143902,-122.076599,75056.45609827145,28.53194968267053,9.239108442747753,9.506319337277386e-06
4507,46.145,-122.073402,74821.54342786524,23.726852685736958,4.631247885204694,1.0133335512413546e-05
4508,46.1469,-122.070602,74527.65021117324,27.01215030964522,5.8546656065250735,7.389097670038569e-06
4509,46.145302,-122.068901,74608.56835805651,29.554605314900982,3.251662090930567,3.4078030913997603e-06
4510,46.1432,-122.067299,74741.69825551054,28.82854820038483,6.728318751747384,9.518956419418651e-06
4511,46.140701,-122.067596,74990.04600361915,32.19440019998001,9.110875197522825,1.943113605371362e-05
4512,46.138,-122.066704,75209.68291271097,46.037968956981786,8.915743211656597,1.6900040323108597e-06
4513,46.135601,-122.066101,75412.88992416639,49.76242073258618,6.6057009524171715,1.1492772237144854e-05
4514,46.133301,-122.065598,75611.11683361432,47.95636918221135,6.6799812490870005,1.5984339215275564e-05
4515,46.132401,-122.062401,75568.94548929333,40.05450207837566,7.019423190592345,7.485806184949574e-07
4516,46.132,-122.059097,75475.82380056092,30.657678095434676,6.399108344148732,2.0429974989473292e-05
4517,46.129501,-122.059097,75714.38593769347,32.28221938114439,2.188311018656071,3.5552979346029087e-06
4518,46.129398,-122.054604,75547.24024933936,29.382478061277652,4.6409732106318815,3.935075217738941e-06
4519,46.129501,-122.050201,75365.05015721892,29.498411910943105,9.041613120529263,3.904412224048794e-06
4520,46.146301,-122.2892,84751.08211895115,101.85242015769472,2.4767707862989057,2.8744268531142553e-06
4521,46.147499,-122.2938,84888.45427867839,111.63085006871552,2.366233135924675,3.1453879642665e-06
4522,46.147202,-122.297997,85129.76945425254,105.21436817564245,2.445559462008548,5.873141126310537e-06
4523,46.149101,-122.3032,85243.17907088569,93.06645378035319,9.096774760954068,7.545107634565007e-06
4524,46.150002,-122.307999,85419.38935782998,101.3593490721687,2.8667553948763946,3.0775524064021415e-06
4525,46.148399,-122.312798,85801.47281705403,95.9204091483407,2.5830778247723973,1.924788846835543e-06
4526,46.146599,-122.316803,86158.29681957416,108.38227808964439,2.2430130245540707,1.5851628826838033e-06
4527,46.144901,-122.320602,86496.09109240193,115.20734798672493,2.157524144221336,2.5049479142990106e-06
4528,46.1432,-122.326202,86928.83973528913,126.37454860964499,6.051388867330637,2.855671229912443e-06
4529,46.141102,-122.329498,87273.01672139044,118.45906319505593,9.16923772656329,1.6653462923122119e-06
4530,46.156399,-122.082497,74133.50255288578,21.16189139749622,2.004806628454638,2.3214784148547727e-06
4531,46.158298,-122.079803,73843.03038738857,21.782978892268147,6.981761714319626,8.636893577534547e-07
4532,46.1604,-122.077904,73567.19678470326,22.60956570788403,4.0440642497293675,6.214624529411883e-06
4533,46.162498,-122.074699,73236.71332760717,24.089828426236636,2.237007283373161,1.3695508649468349e-06
4534,46.164101,-122.0709,72927.55117519469,25.470430589164607,2.571688919986617,5.918930895879711e-07
4535,46.165001,-122.066704,72667.80159030565,27.69923597968591,5.27043096238958,1.8055626393561958e-06
4536,46.1647,-122.0625,72520.90047566772,37.93137798202224,2.2530030338871256,5.355764145473961e-07
4537,46.165298,-122.058197,72286.61213548532,43.19242344182567,3.47043189273137,4.366540000702349e-07
4538,46.1646,-122.054298,72191.74602775296,38.35263212134305,7.717676829247248,7.214292626437586e-07
4539,46.164501,-122.050102,72029.4234860696,43.96726407545793,8.655674710110716,6.506153975884315e-07
4540,46.166,-122.0467,71749.30802944765,38.109483712440124,5.807681447528699,2.936445566412222e-06
4543,46.1866,-122.059502,70352.6190267928,98.57233372330666,2.431569168448856,4.6283289934611927e-07
4544,46.187599,-122.061501,70345.20803601119,103.59489523460797,2.617359642529344,1.0619879263540236e-06
4545,46.186798,-122.061699,70427.8491690626,97.94326830183854,2.395223191523741,5.239330616271723e-07
4546,46.186199,-122.0634,70555.95133181282,90.70294478532742,9.984654190009177,9.854034060814293e-06
4547,46.186798,-122.064796,70560.26381435509,87.82722755036957,9.693551747114858,2.48583307712489e-06
4548,46.188202,-122.062798,70344.84940231216,107.16844940846204,3.5466408159389444,3.467707326525967e-06
4549,46.187401,-122.0662,70564.77481963288,82.00181925050856,9.018773355780553,3.0281157093374202e-06
4550,46.188,-122.067398,70561.00985121315,81.7321278174204,7.927586825290318,4.242084514197358e-06
4551,46.188702,-122.068001,70522.25900074324,80.74142427397601,7.628314048865753,3.954292744683598e-06
4554,46.188999,-122.063904,70318.57266623579,108.28457909340796,1.9767847588781344,1.3946717374533287e-06
4555,46.189201,-122.065498,70368.40875059199,102.68517214027815,2.1113269491024838,2.049651379362332e-06
4556,46.189999,-122.066597,70342.1346096497,100.8472409054084,9.638546521127175,1.060366357933646e-05
4557,46.191002,-122.068001,70310.37848377651,98.81481970379537,4.820661771422474,2.3331430853607925e-06
4558,46.192299,-122.068298,70203.89808945222,103.4535237702512,4.4387054246697675,1.8361794115419164e-05
4559,46.168701,-122.043701,71372.12811945532,46.255639158320264,7.139480094271121,2.8193193529773428e-06
4561,46.193901,-122.070099,70134.96608784312,112.56589216494467,8.647054677996355,5.156416131710635e-06
4562,46.195702,-122.072899,70092.19692805957,96.46784274245147,9.37031727328646,2.949214223654367e-06
4563,46.196899,-122.074402,70048.69440964883,83.49091445114755,7.209881163390563,1.1066127395322925e-06
4564,46.198799,-122.076698,69976.52662826239,83.511533632598,7.006282672764442,3.841478141861252e-06
4565,46.200802,-122.078201,69860.7759433121,78.02485725301085,9.25310570623304,1.2308480536552766e-05
4566,46.202599,-122.080704,69809.03079973368,77.3818081781792,5.359818113795,7.664702986242699e-06
4567,46.203999,-122.083199,69793.8873735694,76.4319571796077,9.665950145099583,5.2175514757937e-07
4568,46.205502,-122.0858,69775.09474222545,68.16936832368083,7.047031816385384,3.2322849683442355e-06
4569,46.207001,-122.087402,69712.37674023927,69.58575276302872,4.322169399525694,1.3502983801849417e-05
4570,46.209801,-122.087502,69465.07875308617,71.90069513086928,9.774260039311049,6.2445243594288384e-06
4571,46.212101,-122.088402,69299.61460486011,70.57486113575578,2.574571897836158,4.088092099717506e-06
4572,46.2146,-122.089302,69116.96411214187,72.2804487583926,2.0484659345609373,1.2973175201792953e-05
4574,46.220001,-122.0896,68648.53072981739,80.54365132827661,1.9542095300204245,1.877645549905874e-06
4576,46.224201,-122.091202,68349.32984241741,68.68019330632524,4.739855532578281,4.9559282771116875e-06
4577,46.226299,-122.091202,68163.34329934731,77.12255529251706,6.271168266041295,6.5787772341767315e-06
4578,46.228802,-122.092697,68011.7942963551,78.58152209411492,2.3680780659625396,2.174718151545904e-06
4579,46.2313,-122.094498,67876.08092949021,72.65304394019768,2.5061620509143996,1.3513465610821731e-06
4580,46.2323,-122.097801,67944.0812965373,67.02712849201635,1.7923310850079628,1.8493721157041364e-06
4581,46.233601,-122.100098,67938.96025180837,68.49388290412026,2.411523383152084,8.611653384684482e-07
4582,46.235001,-122.102501,67931.01476332497,61.83690038591158,3.6075890595537845,8.200643023339533e-07
4583,46.236301,-122.1045,67913.26221638144,68.12225256381498,2.061170598368351,7.043850759853615e-07
4584,46.236301,-122.101097,67750.48809524879,59.42569136212114,3.862832461123916,9.52539890383455e-07
4585,46.236801,-122.098297,67573.29199393725,61.590134322977974,2.372231028487441,3.2250601099742445e-06
4586,46.237999,-122.096298,67373.35408312289,66.88350734733103,5.502625380584693,9.464002190934625e-07
4587,46.239601,-122.0951,67176.21601383596,65.96579855514574,2.3807867676158305,1.0445849106070145e-06
4588,46.2407,-122.096703,67156.67605290297,47.90373081839061,4.003654103911323,6.012121756329129e-07
4589,46.240299,-122.099503,67325.584422004,37.5450643539225,2.1967189875754247,3.9973480902873567e-07
4590,46.241299,-122.101799,67348.75895897124,37.37850359620643,2.503326277530524,6.188680060467005e-07
4591,46.243401,-122.101997,67175.78078088029,29.260037900705356,3.2794696604957414,4.966382407361124e-07
4592,46.244099,-122.103203,67173.49655972749,26.98052264119906,3.4113570384575578,1.8613190727880415e-07
4593,46.245201,-122.104301,67131.25541180438,22.462213188162423,4.815960433541611,8.532306388017687e-07
4594,46.246399,-122.1026,66945.23819935773,18.876303578494117,2.8428751296653116,6.927144123122733e-07
4595,46.248199,-122.103699,66843.05907660052,13.794120012462372,3.1383710216908205,2.97764273712499e-07
4596,46.2495,-122.104698,66779.52124947403,12.447968353139004,2.159414476842538,2.3476190408950285e-08
4597,46.250999,-122.105202,66675.1071629248,11.210913579241605,3.949534917355,2.6080616717436563e-07
4598,46.251801,-122.105797,66635.27653432339,9.713655747153098,3.4001726126927503,4.038044264298576e-07
4599,46.253101,-122.106003,66533.77469220376,8.609841106459498,3.530560824102895,3.3781587368025073e-07
4600,46.2542,-122.104698,66375.50600872454,8.028000815975247,2.7423862800691023,3.3508487786295364e-07
4601,46.2556,-122.105499,66294.844943718,6.962091068402515,9.502722379968201,1.600573710702108e-06
4602,46.256802,-122.106796,66255.88167521042,6.261107618876849,5.161386007784711,1.3361872952137047e-06
4603,46.255901,-122.107399,66362.61688717028,5.533885841810843,6.800904541323871,1.4457540247731129e-06
4604,46.255299,-122.1082,66453.55611317103,6.351627329495386,2.6915775045053274,3.914244189910685e-07
4605,46.256302,-122.109497,66431.90531171525,8.412647064047633,3.4967957653120347,2.2132524553423265e-07
4606,46.2575,-122.111099,66409.09346962022,14.641644453557092,2.5112334424458274,1.2042999033410412e-07
4607,46.258202,-122.114098,66498.38935514865,15.383389911759878,3.0077384133863867,4.6570235044980647e-07
4608,46.258202,-122.116402,66613.20479281519,4.3996237213141285,2.9650541770233123,8.389865930939759e-07
4609,46.2603,-122.114799,66355.4546671981,3.327370494022034,2.531718245507638,2.734500537541885e-07
4610,46.262501,-122.113701,66114.29744522535,3.676491289981641,2.084578283761285,2.9062589516928783e-07
4611,46.265099,-122.112602,65839.69721017836,4.772738728657714,2.449947501789767,6.756386383506826e-07
4612,46.266899,-122.111603,65637.65488772064,5.58634584324318,1.8306491690790794,9.372450516065171e-08
4613,46.268398,-122.111099,65485.94151073037,6.100179417160689,3.241520360786195,8.743412957287316e-08
4614,46.270802,-122.110199,65238.21580793984,7.269217000655772,2.909167579841683,1.3413676182411796e-07
4615,46.272499,-122.1091,65040.09771253617,9.138391208296525,2.3742459379953784,6.625390307166998e-08
4617,46.273602,-122.100998,64540.00518729312,12.200951603896101,3.111189208577324,9.106138163178148e-08
4623,46.2822,-122.096397,63584.02168072645,8.973001365018717,2.479880892841067,1.9282006286301597e-07
4624,46.283798,-122.095398,63399.31107795969,9.623123328143265,2.30142586088017,1.323915125487924e-08
4625,46.285702,-122.093498,63143.47066462933,11.083324632993026,3.251435336116822,1.7651693411246598e-07
4626,46.287399,-122.092201,62935.47982955794,13.457042425332475,2.2959056459287144,1.7960931559842926e-07
4631,46.2826,-122.099098,63686.759341478915,10.816470103440224,2.5293720954004795,3.2095072959716937e-07
4632,46.2841,-122.097397,63474.920127085425,10.086420185281895,3.9389104328969706,2.5923136293673246e-07
4633,46.2854,-122.0979,63391.435403234405,17.158846656573587,3.0605353746568458,3.7293216693265905e-07
4634,46.1758,-122.279099,81798.00681309395,70.9583378022362,6.624734436591554,2.955087289445387e-06
4635,46.178699,-122.278099,81509.18318634748,72.35643332684413,9.96552426640295,1.5453234969895407e-06
4636,46.190498,-122.278,80547.87260362599,49.262913857150124,5.960786851162325,2.355478272081823e-06
4637,46.1898,-122.272697,80323.0152237333,86.11881563832867,5.017736985748716,5.882059683981078e-06
4651,46.2328,-122.287102,77711.70607743155,17.025812596752075,3.232652450015533,5.825551508868213e-06
4652,46.233398,-122.282997,77437.1239277402,21.35536938297446,2.7245846493236248,8.051136936706277e-07
4653,46.232201,-122.281502,77446.33869621213,19.13056482699176,2.148817655107403,2.693556784985219e-06
4654,46.23,-122.278603,77456.01539895977,17.43153552908916,2.33888561278171,2.0555314819122556e-06
4655,46.126099,-122.272202,85591.81816563821,135.82563870870217,2.916039185436011,4.6684204281398306e-07
4656,46.1255,-122.270103,85538.70544599173,134.1616432403098,4.540348612868046,3.778617020828089e-07
4657,46.1278,-122.268097,85243.13316033647,139.89808034620364,3.833685330937487,4.2724371286835094e-07
4658,46.129002,-122.265602,85016.94653343632,148.00104426046892,2.2685340807384113,1.7640173614661357e-06
4659,46.128201,-122.263702,84991.28332764111,149.85171172753326,4.8068425068076595,3.4720233367483374e-06
4660,46.1264,-122.265099,85214.23295660014,146.56747396470746,6.058536730634533,1.849185774763647e-06
4679,46.285599,-122.263901,72425.03261511872,64.33020215667784,2.9309220295132943,2.4289598718502073e-07
4680,46.289501,-122.272202,72622.71663591616,51.34023732424248,2.4958773976781616,4.77590688557296e-07
4681,46.298801,-122.256897,71054.54260633119,59.41521320345055,3.8013493643302425,6.964491952493687e-07
4682,46.2999,-122.255203,70875.93139056778,60.60459142565378,3.8507738867241663,4.959384141586457e-06
4683,46.2868,-122.176697,67427.92889057388,13.578213732907898,2.822562254730941,1.9485423621855788e-06
4684,46.285,-122.175499,67504.28563029302,20.489570156438276,2.9034069196137056,9.403625760425042e-06
4685,46.283001,-122.173203,67537.52034884077,24.286637510784203,2.448450801712079,1.8792215696582921e-06
4686,46.280102,-122.171303,67664.77309216543,13.700854248309042,2.0923468755761196,1.6698014991297438e-06
4687,46.279701,-122.173401,67809.73456286501,19.987583232592442,2.5416255603090487,2.20464476517664e-06
4689,46.275902,-122.173302,68106.65429320105,8.498905638902215,3.0633063091970025,7.682911028535128e-07
4690,46.2728,-122.173401,68359.7004628612,8.534658204036532,2.301108639792215,3.444050939586442e-06
4691,46.277699,-122.175499,68081.862742332,19.462275856232736,4.259674112687496,2.540738008158157e-06
4692,46.277,-122.179001,68326.33367822022,21.322223233568366,2.640448426801085,6.321216323380552e-07
4693,46.2761,-122.180901,68500.34139809235,25.01189964565856,4.2990816877662095,6.887286751445533e-07
4694,46.2756,-122.182602,68631.9256325333,25.09009252463875,2.587979571328395,1.7209403903401103e-07
4695,46.274799,-122.183197,68727.54489727071,25.90159057729761,4.1997033002229935,2.4753435619255916e-06
4696,46.273998,-122.183701,68818.25965265809,25.74620016706467,2.415116644031227,2.9091267716344708e-08
4697,46.273701,-122.183601,68836.4010948458,26.49929572387191,2.063144249221291,4.5947236132632975e-08
4698,46.273201,-122.183403,68865.3684391137,27.21068427854334,2.1807544056773094,4.5132321709977904e-08
4699,46.2728,-122.182999,68875.39870369568,28.489773770110332,2.016646496656919,1.8225443736042735e-07
4700,46.272701,-122.181801,68818.67958397562,33.022309866864816,2.006285064039336,2.9365197770995063e-07
4701,46.278801,-122.271202,73346.86301466993,63.53598694357788,2.7371726354995163,7.024374651671861e-07
4702,46.2869,-122.2743,72934.0073921327,53.44881491783599,2.0518079622639536,7.097150308347469e-07
4703,46.273102,-122.184898,68953.96551478255,23.873315381541033,3.1970397271589994,6.503232417258975e-07
4704,46.2868,-122.243599,71168.0851007845,71.11128443886992,2.448916214882118,2.7098109588009455e-06
4705,46.271999,-122.185997,69100.78935549369,21.740915058268,5.639244845320559,2.981068063455553e-07
4706,46.272099,-122.181297,68839.4158897218,45.14422302218736,3.3671539539358397,2.2414653555962001e-07
4707,46.2761,-122.181801,68549.0047047858,24.914280833370867,2.921716913114646,7.837393244779333e-08
4708,46.271,-122.179199,68814.23680598296,68.15114998335775,4.61737555189783,9.467465393239466e-08
4709,46.269299,-122.177696,68869.64708104065,75.97991526206897,2.3816415330599954,1.3391991131409924e-07
4710,46.266701,-122.177101,69046.14642490211,53.87801226058218,2.2602401563753096,5.007918276135154e-07
4711,46.264702,-122.176598,69180.08198009849,42.82922675697773,2.2819828755994664,1.6285928246712147e-07
4712,46.262501,-122.175903,69320.61634926905,33.88547107280465,1.9043412448916694,1.3525890552882697e-07
4713,46.259499,-122.174896,69510.16859147475,16.642928540546563,2.511784096707366,6.265779857817588e-07
4714,46.2565,-122.175301,69774.87829719917,15.58976113027893,2.9861005996410492,1.4955327253129985e-07
4715,46.254902,-122.1726,69763.1665631124,17.25278739085479,4.452511119064736,9.654069804565844e-07
4716,46.2528,-122.172302,69919.20490406828,18.051640182864503,2.325251937454892,4.378613912007171e-07
4717,46.251801,-122.172203,69995.74218300384,18.357903092968627,2.5394559318627397,6.646843236236381e-07
4718,46.2491,-122.169998,70102.46040730752,19.928591659729136,1.7470164295580606,1.172309994728904e-06
4719,46.248299,-122.168602,70095.93828917338,21.903894166156533,2.991859774746124,3.0876286097930727e-07
4720,46.2472,-122.167099,70108.74212584061,22.564886344771367,2.5655141305492424,1.176787783944679e-06
4721,46.243801,-122.165497,70307.2326119004,17.174177895183675,1.9259919459667545,1.7677831109984475e-06
4722,46.241901,-122.1642,70398.34339214709,14.383107561137876,2.4072130112774373,2.893706970058618e-07
4723,46.241001,-122.161499,70335.1087989262,14.141925823583733,1.9254342606808936,2.825126303733618e-07
4729,46.229599,-122.152397,70833.56400184128,6.668360384355765,3.42513636489266,9.73837151988086e-08
4730,46.2313,-122.155098,70824.90076237915,9.190023780902266,3.0004549519242563,2.1722700782516488e-07
4731,46.229301,-122.157097,71093.98377744974,6.6010747375839856,2.188205562717565,1.1669512832740551e-07
4732,46.2425,-122.167503,70518.15875105071,16.23256361046515,3.160569574712196,6.726506481143294e-07
4733,46.241501,-122.170998,70780.73838379153,15.645598906019586,3.609155086166142,4.1922759063644396e-07
4734,46.2402,-122.173103,70996.80792507906,15.826797108282335,2.8436831963574534,3.0337077460099407e-07
4735,46.23,-122.148499,70605.20106110732,5.103106248905533,2.8084957575939513,5.356518561634456e-07
4736,46.227798,-122.147301,70732.92550120577,3.933964691721485,2.1910255089797555,4.040276286537951e-07
4737,46.225399,-122.147697,70956.98973710623,4.256571757534402,2.6299158844666355,7.814485228136138e-07
4738,46.222801,-122.148399,71213.46611537633,4.237385919404915,3.043066431818909,3.2708592245539236e-07
4739,46.220699,-122.147499,71348.9368240159,4.370141209554276,3.1589132281981684,1.496411589468415e-07
4740,46.218899,-122.144402,71351.44483461567,4.858146409373148,2.45443615323639,1.599578275994992e-07
4741,46.217499,-122.1409,71301.0842633395,5.16677290329244,2.7567415374713415,9.57948253437584e-08
4742,46.215801,-122.1399,71399.0840893498,5.152796673995908,2.9619830297658623,1.9811720789924851e-07
4743,46.214199,-122.139099,71498.8435332798,6.7001646530407015,2.7927584678949593,1.0868513279936343e-07
4745,46.236099,-122.150002,70164.05935240841,14.334767616572208,2.780002955107767,7.965474129927855e-08
4746,46.2369,-122.1464,69915.77798539195,15.969606532060425,3.0374345004968477,1.7455930956411677e-07
4747,46.238201,-122.144501,69710.69142476853,14.882911198947113,3.6828487182996446,2.1826814382038006e-08
4748,46.2383,-122.140099,69482.36096168711,4.3066187221120344,2.4455771299525897,1.5742518010496243e-07
4749,46.239498,-122.138397,69295.90124727672,4.3134262759413105,2.8253201361999065,9.085363625739029e-08
4750,46.241901,-122.137299,69037.430109299,5.0105208156310255,2.3705923364330377,2.231316193217487e-07
4751,46.244701,-122.136803,68775.69766352762,8.71304287633393,2.190230927296132,2.81881825524612e-07
4752,46.247002,-122.134598,68470.78007575325,12.038527445896761,3.172711123728009,2.2434620953893848e-07
4753,46.249599,-122.1362,68332.23201478913,16.10562442128139,2.5069647168045717,1.9066659794489695e-07
4754,46.251701,-122.134102,68049.6366587584,16.369165396303288,2.2000070155113747,3.677580577716784e-08
4755,46.253899,-122.132004,67758.98426449654,22.619246124304482,2.0270720780626896,3.637514764470129e-08
4756,46.254002,-122.127403,67518.88207070682,30.502733975532465,4.517846066073445,1.606212972901855e-07
4757,46.253201,-122.1241,67421.1709898014,15.405274296368589,3.2426166983278,4.581941550418727e-07
4758,46.253899,-122.120903,67202.46070101293,8.7675189490692,3.8376382484476554,2.348230291509651e-07
4759,46.252102,-122.118202,67220.80070148503,5.892665588500677,2.301533434951664,1.0084204857360499e-06
4760,46.255402,-122.118698,66965.0856201961,4.454582425343688,3.3614681282433194,4.840252353378355e-07
4761,46.257099,-122.118103,66791.55108708557,3.1581409357022494,5.12395740383635,7.787146563834651e-07
4762,46.288101,-122.088799,62704.87240546015,11.76798838335526,2.0837765740566088,1.8988186324925113e-07
4763,46.2859,-122.087196,62809.75270467076,13.591034723329358,2.3950846375496306,2.0459125213310297e-07
4764,46.283501,-122.087402,63022.77373821538,8.844284102764504,5.133520005953958,2.207604577415001e-07
4765,46.2817,-122.083801,62995.984912813045,8.032720178598538,2.4780243932031443,7.731013225541511e-07
4766,46.281101,-122.080399,62878.32182537163,7.581218235944107,2.2273539294040163,5.953419346238623e-07
4767,46.279301,-122.080399,63031.899066065904,23.86932622270251,2.4556565698501878,1.771383372759101e-07
4768,46.279598,-122.086899,63328.534829218224,33.6521157999814,3.1834824369922785,3.700781920084372e-07
4769,46.277802,-122.082497,63263.42348712518,32.20284625925706,9.72014356674157,1.6585145016775213e-07
4770,46.2757,-122.083298,63482.50057268681,23.131021037625032,2.2651505389729816,2.9901196203071426e-07
4771,46.273602,-122.083603,63677.0198166237,18.890682436649513,2.5828556902115114,2.477162594888032e-07
4772,46.271801,-122.081802,63743.173578678754,21.97120569357503,2.5882425793240538,1.4335213948614217e-07
4773,46.269699,-122.080597,63865.14534978711,22.511628170897893,2.587364913845969,3.2066885278580177e-07
4774,46.267502,-122.078796,63967.168029010056,28.50263436559908,2.4652159008959655,3.878269883452724e-07
4775,46.265099,-122.077904,64131.974496635616,31.93300717929378,2.423293766755699,2.7233328674560553e-07
4776,46.262901,-122.077904,64322.63975134026,29.800931848425535,3.670541444740045,2.3048763158378445e-07
4777,46.260601,-122.079002,64575.26580492651,22.823010427346162,2.9958114106129163,8.826233392255876e-08
4778,46.258801,-122.0784,64703.01047553085,24.249988171985024,6.064906045396809,1.9888195685765246e-07
4779,46.256599,-122.0793,64937.9919867892,18.685869225715578,4.472224638480461,1.048774287088042e-07
4780,46.2547,-122.079803,65127.72172858099,15.479658555341302,2.65875122748052,1.846049297632788e-07
4781,46.252602,-122.0783,65239.59852696935,30.299431319544965,5.132586304667165,3.932233948382719e-08
4782,46.250198,-122.077599,65417.11314683787,21.083156978820625,4.314538430065491,1.3119588144665143e-07
4783,46.247799,-122.079903,65736.70097796053,16.24913492180349,2.824053541962001,5.113656551999226e-07
4784,46.248001,-122.075401,65506.562789183634,10.841663877603423,4.456136530485342,1.0322061378071178e-06
4785,46.248798,-122.070801,65220.316465936376,8.736337414637092,2.6912652637558003,2.0472051081763067e-08
4786,46.246101,-122.069,65374.738416257685,12.107346031385532,2.2261031662816233,4.2650948734077143e-07
4787,46.243801,-122.066597,65467.287449539355,15.679804541963676,2.7692037153137594,9.635112980671543e-08
4788,46.242699,-122.062599,65380.95556437903,20.01551270441996,2.4926402090291133,4.821368969062087e-07
4789,46.239899,-122.062897,65644.7090000801,20.00981806877826,2.3535541996717577,7.20209752184652e-07
4790,46.238602,-122.063202,65774.6692680598,19.732040928982315,2.2162631849604604,3.12582839499425e-07
4791,46.237598,-122.0634,65873.5753442348,18.32736667158315,2.174469774943539,3.4891932955108734e-07
4792,46.237099,-122.062202,65863.55050296233,18.769049012189498,2.0446448076184915,9.370304149359439e-07
4793,46.236698,-122.060501,65822.00995975867,18.606947824184317,2.0388922314531377,5.473600317470182e-07
4794,46.2369,-122.058701,65722.04793422967,19.169190995424287,1.828347038713918,1.155403463612512e-08
4795,46.237,-122.0578,65672.16661306769,20.168225120331044,2.1860887106797486,1.0724006959169752e-06
4796,46.236401,-122.062401,65935.1953548106,15.90826035902137,1.635424671350856,1.2211911990639415e-08
4797,46.236698,-122.063599,65963.25646423495,17.909623012441443,7.253568740218034,4.5039311929686947e-07
4798,46.235901,-122.064598,66080.2763068605,17.72652232515975,2.8125337126821632,1.0303014838194376e-06
4799,46.2351,-122.063698,66110.9757450366,21.6219490126241,7.597829962090513,1.7679744269240245e-06
4800,46.235901,-122.061096,65920.61941075926,15.158068997610826,9.669714345455256,1.2143728744904791e-06
4801,46.235401,-122.059898,65911.09466355752,15.057528842313332,2.1354466809048613,1.3130529419341186e-06
4802,46.235001,-122.058701,65892.7904860582,14.143845278464141,1.8195603933402495,6.468434514257248e-07
4803,46.2351,-122.057198,65815.86294931445,12.432835707440972,3.993807914476342,3.3938811633402025e-06
4804,46.234501,-122.062103,66092.1098763328,19.42720237010508,2.9523924929828063,7.790129880263795e-07
4805,46.2337,-122.061302,66127.70192651538,17.99678917863639,1.8477871341769427,7.606214053874581e-07
4806,46.2346,-122.056099,65811.28070073434,12.752830880315742,2.741605282448844,1.4068302622075812e-06
4807,46.231201,-122.061798,66374.99413909527,20.18617252240074,7.33811747891037,1.2897114127108295e-07
4808,46.229401,-122.063202,66600.57723117188,14.072540873778053,2.3160180530899575,6.328311171136845e-07
4809,46.227299,-122.064796,66861.96938875271,13.463285639911192,1.9074662804440816,9.96864994542393e-07
4810,46.225201,-122.064102,67019.87760348912,14.979075513401767,2.003248643079705,2.9847996349510206e-06
4811,46.2229,-122.062401,67151.50235607555,16.835494645813014,3.044531043597023,9.726453060773684e-07
4812,46.219898,-122.061401,67378.93712103456,20.623004347886308,2.301469708658999,1.1898775682081155e-06
4813,46.217602,-122.059097,67485.32100386513,19.393656479311176,2.2782653491324685,2.1738367204411518e-06
4814,46.214901,-122.057899,67678.61901286751,17.95027869446494,2.7756869866909755,1.2706396790797138e-06
4815,46.213001,-122.056503,67790.8595938929,18.47069781049504,2.352822007060385,1.3399074852441484e-06
4816,46.2141,-122.053703,67567.64229736642,19.537803835133673,2.0712998332200176,1.0895022256836003e-06
4817,46.2118,-122.051399,67678.04841567544,21.485662515828153,5.714877919771496,1.965070247168488e-06
4820,46.129398,-122.168503,80372.35378753472,26.33378275942232,7.136674200494656,9.72000765275246e-06
4821,46.129799,-122.164101,80137.29888613847,24.461361627138103,2.0544140777365034,1.5009908640945234e-06
4832,46.1311,-122.176498,80583.32539798634,34.898632654643734,3.3187241677752426,4.0786368232909495e-06
4833,46.1259,-122.185799,81475.00904648399,31.953297851621755,2.5236057792126103,1.5058680821999475e-06
4834,46.123901,-122.188904,81796.34299485177,33.749408705101814,2.204908110260547,2.345709271410904e-06
4835,46.1217,-122.190201,82052.66732691975,29.779917997919256,3.780964003474949,8.667247329642637e-07
4836,46.119701,-122.192802,82350.8449387251,30.75479647469183,3.6682860381994398,0.00010741942496580012
4837,46.1185,-122.196297,82618.88328260231,35.52834974191501,3.134030296199363,4.032112192735253e-06
4838,46.118401,-122.199402,82770.89553968003,40.52799068079912,2.944716723729171,6.224815784557787e-07
4839,46.120098,-122.203499,82809.63834284035,46.91873469790153,2.2966590303700234,1.8688068519510064e-06
4840,46.121899,-122.206001,82766.30136520491,52.519545022645616,9.608053619438992,2.088632195841607e-07
4847,46.1297,-122.166,80231.93331884462,25.601983040120103,2.9208533486800423,2.4159423492581738e-06
4848,46.196301,-122.2407,78114.47833616739,19.352670376363676,8.273810674226883,1.2136777783699363e-06
4849,46.196499,-122.243896,78264.5987615388,17.476467173342826,8.611557892465001,9.18553904415183e-06
4850,46.196899,-122.247398,78414.68328319048,14.80630648227816,2.699441072831241,8.39305031495385e-06
4851,46.197498,-122.250702,78538.81150075136,12.47092483533197,7.944479807717252,1.3055803551657569e-05
4853,46.198799,-122.257698,78801.22319044548,12.305752827611286,9.686145744418175,2.9091085296931943e-07
4854,46.171299,-122.253899,80862.92879096583,117.76658616799978,3.575481054173826,2.6763095926428173e-06
4855,46.1744,-122.251297,80471.71620986317,109.0971099321905,2.4255878560312767,3.655509768052453e-06
4856,46.1768,-122.252403,80329.25298778366,76.86719752967474,8.17424069839843,1.1727203870827561e-05
4857,46.180199,-122.253098,80083.71183187916,51.154236458824016,2.5515436465593595,7.93532372901657e-07
4858,46.183498,-122.250999,79702.79692947291,39.3040857847227,2.513497686915273,7.4743776276462855e-06
4859,46.187199,-122.251503,79424.03015124131,26.88928648304136,2.504121805463477,2.6503987794779286e-06
4860,46.191101,-122.251801,79119.21928471867,20.746755850690533,4.384310838952835,1.1697580083704282e-06
4861,46.193001,-122.256104,79188.89413004297,12.557692558228155,2.13469558615078,2.1090037557027597e-06
4862,46.2164,-122.25,76973.17910686527,12.002342933832551,2.705322007207616,1.2421377003694117e-06
4863,46.2183,-122.252998,76981.73078178009,12.88569126247603,3.0285598696783236,2.012052256933229e-06
4864,46.219799,-122.255798,77012.77641460879,13.279256448586239,4.088163917304413,1.7521169144679998e-06
4865,46.2225,-122.256699,76846.7778623912,15.948574637033744,2.0211207340509287,6.776979223277494e-07
4866,46.2257,-122.258301,76680.25412143812,20.360438669624273,3.4406399367463782,2.382788676724e-07
4867,46.228199,-122.257698,76450.31474732608,20.562800407918985,3.5529762964344065,4.4894449030599095e-07
4869,46.2328,-122.259697,76197.8578820905,30.281286304278183,3.0003162221299045,5.3668791521999994e-08
4870,46.2355,-122.258301,75910.08257083988,21.432338239697856,2.647340992366227,1.528545022278821e-07
4871,46.238602,-122.256798,75585.31653631295,21.430815074694692,5.493613675509149,1.9055529351180066e-07
4872,46.240898,-122.257202,75428.65764834978,25.413351566006895,2.5262802305075582,5.747980111988848e-07
4873,46.221298,-122.259903,77115.3347325871,13.841627242494724,6.168776925111926,2.48657846581371e-07
4874,46.220901,-122.263702,77352.53716772112,15.45765173136897,2.773676609860493,2.0246081927884646e-06
4875,46.222,-122.267998,77499.26079071674,14.15894224254589,2.7609905846501337,8.660874503392952e-07
4876,46.2239,-122.2715,77541.06424776399,12.707894031584146,5.396926373071298,4.496451333785246e-07
4881,46.223999,-122.276398,77801.63183067796,21.083854893644457,2.1734642102954,1.0575683049811988e-06
4882,46.221699,-122.276497,77986.97077582299,29.18680682707054,3.9903079784253577,3.648279856942514e-07
4883,46.219799,-122.279701,78311.20188694722,27.383319858039613,8.583426867508416,1.4604875920133715e-07
4884,46.229599,-122.278099,77459.26409566324,16.971153840611805,2.2689086388710096,1.053092778756025e-06
4885,46.231998,-122.280403,77401.0416881635,18.553589615316014,2.9571762597132163,7.880186768743796e-06
4886,46.232601,-122.2826,77476.4622396824,20.605613978215843,3.8047686790845163,1.0340270157978026e-05
4887,46.233601,-122.284302,77494.13027564276,18.872313979125465,8.601322383888448,2.336554254821293e-06
4888,46.232399,-122.288803,77837.35545261473,16.878193780052243,3.1645919325381704,1.7902506615806914e-07
4889,46.235298,-122.286003,77458.64383858196,16.923743761260994,3.086546294790557,3.7707994967352456e-06
4890,46.237301,-122.2864,77327.42168627125,17.063823506599874,2.844525469612351,3.984599073032668e-08
4891,46.238602,-122.289597,77407.28425922264,22.658376627790858,4.6413206390596535,1.3044676472304612e-06
4892,46.240299,-122.2911,77362.63554954312,13.728782244113972,2.473344600674758,8.915195248276611e-07
4893,46.241501,-122.293198,77389.67030236489,15.406606751173967,3.6445162563819453,1.977583787715262e-06
4894,46.242699,-122.297302,77531.10304973095,16.924819139763713,4.1602211647327225,1.4373009742533672e-06
4895,46.242599,-122.300697,77731.11293192022,19.578690174530493,2.0478241814248217,1.3884382297511177e-06
4896,46.242699,-122.304298,77928.1821053233,25.181305159654585,3.7744359061533963,8.713413196203547e-07
4897,46.243999,-122.308899,78093.0413295585,13.621908497545519,2.813447530607513,5.038078985285267e-06
4898,46.242802,-122.313103,78422.62612051395,15.70277163652645,2.733236348161604,4.277970744712818e-06
4899,46.2449,-122.3153,78392.28197419891,17.08956602490798,2.830983000517096,2.940031075586453e-06
4900,46.246399,-122.3181,78441.99924263814,18.63993024652882,3.0574489992065086,3.098543448199604e-06
4901,46.2477,-122.321198,78524.41512254835,20.48183802998392,9.273223307225539,2.3094669491969347e-06
4902,46.248402,-122.323799,78622.98888553138,17.86615788497147,3.3434906100200728,2.319410012738692e-06
4903,46.247299,-122.328697,78987.51064210542,19.617008080676896,2.265735209776339,1.5755879523526114e-07
4904,46.2458,-122.330299,79190.31179752505,18.13699621174601,4.604739674642832,1.784666048986914e-06
4905,46.247299,-122.320099,78490.60810465385,17.9398630126816,2.374811947982521,1.8189054943755665e-06
4906,46.245899,-122.317497,78444.34112234504,18.28166806115769,3.0511072016560896,2.044217402387712e-06
4907,46.243698,-122.314697,78447.09439827337,18.125344046246028,2.7208796732433242,9.740993065862088e-07
4908,46.242802,-122.3116,78336.72027213206,13.727385480422527,3.139325597489832,3.222795330706609e-07
4909,46.244202,-122.307701,78009.4773177794,13.63461535218812,3.2135937694246146,5.185902961084786e-06
4910,46.2425,-122.302803,77858.14422662185,24.706270118651446,5.041881388878063,9.44204774401472e-06
4911,46.242401,-122.2994,77672.45769464265,18.960827826536843,2.6443735066043974,1.8848578516252167e-06
4912,46.242699,-122.2957,77440.41463855992,16.594683715622523,2.6870959737163735,1.1055916157188671e-06
4913,46.2407,-122.292099,77388.44437616067,15.005281885256409,3.321111461788063,1.4664878681346512e-06
4914,46.238201,-122.287399,77314.5795311369,16.71467107029457,2.579391125491695,1.589026412756426e-06
4915,46.270199,-122.187401,69319.39321239696,19.25859408665565,1.9596568063583386,5.62090964675896e-07
4916,46.272701,-122.1903,69278.17507071681,38.101460109479376,2.2327742371613897,1.4668907368043352e-06
4917,46.268501,-122.189102,69545.97376902348,20.27968808026344,1.9133063162747321,8.211916489811339e-07
4918,46.2728,-122.195099,69531.20569939763,26.015151376879658,2.2779930237926447,4.5132590730772806e-07
4919,46.272598,-122.198402,69727.15622709357,25.336305180346244,2.2099644379946333,3.280382277760233e-07
4920,46.2724,-122.201698,69922.78954209237,30.352014891555882,2.0578215733882175,3.880058527003624e-07
4921,46.272701,-122.204697,70063.53238294722,33.172316053009126,2.6068119275485757,7.796541092105646e-07
4922,46.273102,-122.207901,70208.24871990026,28.169352950775647,1.9254556826926426,7.950089551286994e-07
4923,46.2747,-122.209999,70199.61770129178,27.11945214269508,2.1314078592598715,6.759571837141482e-07
4924,46.276299,-122.211098,70136.42866422462,29.815362462366465,2.5795231900675306,7.912729703969096e-07
4925,46.276901,-122.213501,70223.01007743251,29.72231001428736,2.3667880699603825,1.8210233486058827e-06
4926,46.277302,-122.219597,70531.03538286577,24.94309777233866,4.61905306071893,1.6402770891437574e-06
4927,46.277199,-122.2229,70723.20530687223,33.12292119176709,5.824583898955985,3.123793851587067e-06
4928,46.286598,-122.272697,72862.58036551409,54.920350026819506,2.500601060654347,1.7070421576372758e-07
4929,46.285999,-122.276199,73110.21773718642,54.90940961074375,2.4902269658346117,5.270620133513074e-07
4930,46.2841,-122.2771,73300.84930623199,57.66962963799597,2.3651191993996843,2.8353706297810986e-07
4931,46.282001,-122.275398,73355.00538497372,58.063192954083206,2.8948257711472762,1.910374445332061e-07
4932,46.280602,-122.274399,73399.46078876819,61.2682075558987,2.336576621790715,6.65157930194259e-07
4933,46.2813,-122.272202,73221.01787391807,61.84920902980957,4.324023238131879,5.575800594194196e-07
4934,46.280102,-122.271896,73291.25996249383,61.98266134381993,2.546828276279591,2.5739090399524603e-07
4935,46.279598,-122.270599,73253.36656914768,62.79380167533236,2.5880302731962153,3.134809455821531e-07
4936,46.278801,-122.268303,73179.64502384521,65.69639752447256,2.4135113350251345,1.939089201059373e-07
4937,46.278999,-122.2659,73026.62144963857,65.26097438807483,2.3809353035876235,1.621124621301155e-07
4938,46.280499,-122.267799,73025.3656167713,64.37536878384708,2.5679683410245575,9.316216353280616e-08
4939,46.2826,-122.267899,72876.56557219372,63.36128627070866,2.4368470331011234,1.2222623527822206e-07
4940,46.284302,-122.2696,72850.2486378718,58.070240351575194,5.95866533260892,1.1223931039668917e-07
4941,46.285301,-122.271301,72875.948422901,54.194957085172064,2.3283363450029673,1.8999288173460123e-07
4942,46.278099,-122.262299,72886.34571637514,58.39827655216504,3.685880471789242,1.7792585786008068e-07
4943,46.276299,-122.2603,72905.66897247914,52.18894861242734,3.4262485467271913,3.2591311087951565e-07
4944,46.274899,-122.2575,72850.26006139533,60.5952616341674,2.5094331679093345,3.457273383817731e-07
4945,46.273998,-122.255402,72798.24339145643,52.92132163750648,2.3992914565459373,5.724784422644241e-07
4946,46.2756,-122.252998,72541.33122993945,54.34481238525768,2.1812621259443494,1.7211974707786085e-08
4947,46.276402,-122.254501,72566.85003774651,40.45570200509974,2.1546311997592054,1.229210612335781e-07
4948,46.2771,-122.2528,72417.67415465838,36.3747393990343,2.8302059856362853,7.058805201718774e-07
4949,46.276798,-122.249901,72275.31378977142,35.82505019457312,2.2418833614704243,1.6012102712141792e-06
4950,46.276199,-122.247803,72201.16406290927,43.11880482319975,2.8444845165680874,1.55286093775635e-06
4951,46.277699,-122.247002,72042.91348654835,29.418890771485167,2.6287840300136693,2.081323840071616e-06
4952,46.2775,-122.244698,71927.12929423705,29.367078048089752,2.5990630012984077,1.0134676394452964e-06
4953,46.276501,-122.241798,71838.2839532303,35.79546173138078,2.301429045981995,8.188591581870625e-07
4954,46.277,-122.238998,71642.36292648633,29.277949658004218,3.953708089606105,4.243687293275765e-07
4955,46.2729,-122.232903,71611.44596087452,27.56602977406874,3.3145593769994846,4.724326837898971e-07
4956,46.274799,-122.231102,71365.54897732957,26.072972811103682,4.302473855889385,3.411676161112858e-07
4957,46.276501,-122.2304,71196.36260487573,24.990004381688777,2.840593313536208,8.86661153866202e-07
4958,46.274101,-122.237602,71783.5793665115,25.55119227693649,2.8537251695734196,3.426572063780002e-07
4959,46.286701,-122.256401,71910.7145902032,69.51721042113786,2.832161032241463,5.3085913260568355e-06
4960,46.287899,-122.250298,71470.76305793283,63.47924932252499,2.541178838293722,2.4875850458812658e-06
4961,46.290501,-122.246101,71036.88355103887,56.727507848190726,3.197532347178891,1.4482692059617697e-06
4962,46.292,-122.240402,70598.41563209248,42.46205810885294,2.601545629061046,3.3659110077877983e-06
4963,46.2938,-122.236,70212.30824269334,37.44518368638819,2.2983891955766564,1.6270724818652275e-06
4964,46.2962,-122.231697,69787.37871746514,37.73344277331489,3.082421554542236,5.507014407765081e-07
4965,46.297298,-122.226898,69430.90683337337,29.708285655549844,2.4310757645455925,8.45575759300204e-07
4966,46.298401,-122.222801,69114.5018270529,30.88141691837518,2.3928743451049606,6.928086969912099e-07
4967,46.3008,-122.2211,68838.47495131996,29.57855267210107,3.5661734193287904,9.212883101002205e-07
4968,46.253899,-122.172401,69834.59551756957,16.881045471905963,2.5505048491816185,3.445560463775271e-07
4969,46.250301,-122.171097,70060.98984912943,18.151028692693217,2.6496966605930377,9.241090276829788e-07
4970,46.278301,-122.221397,70554.84644699321,26.509068642146303,3.0221986131476957,9.133868492955934e-07
4971,46.278,-122.2258,70824.14476056924,27.767027152745868,3.235226219333211,1.4473926520661058e-06
4972,46.278301,-122.2295,71008.73940222203,21.410891369116143,4.230425123027428,3.061633828048949e-07
4973,46.280499,-122.222397,70442.72862570788,35.287546560924966,2.4637582444373187,1.400939360705974e-06
4974,46.282501,-122.2155,69903.78953443658,47.30119082002784,1.8229484568032872,6.10187995125303e-08
4975,46.281799,-122.208199,69550.9761238486,74.27278416966146,1.8754079976807718,6.820444959610815e-08
4976,46.2794,-122.2034,69470.73317518941,62.504480544361286,1.5267346694354356,8.70972051160767e-08
4977,46.283298,-122.196999,68815.03033931395,96.41514860963798,2.368917742281178,2.4285169111228504e-07
4978,46.287498,-122.208298,69118.8388449635,117.71237584151095,2.5586320593513068,3.327590865253816e-07
4979,46.290401,-122.218399,69465.4480949117,98.94275974454649,1.6621965443014222,2.440734245601979e-07
4980,46.289101,-122.230797,70265.92090810685,83.22071224720275,4.996229185040313,1.6458729457903529e-06
4981,46.287498,-122.2407,70950.31925115496,72.91247594550077,2.3960501643591825,9.917249614851726e-07
4982,46.2845,-122.255898,72044.31329638355,73.93643456828431,2.902267700942642,3.0041191557065556e-07
4983,46.289902,-122.272598,72616.7581068315,49.779646335708094,2.96290903540831,5.759917710387926e-07
4984,46.292801,-122.2743,72506.75718942245,45.091383241830044,2.1126003640680264,1.162933705219738e-07
4985,46.296398,-122.274101,72236.29595066918,50.23679283677484,2.39009022442947,2.611089798288681e-07
4986,46.300301,-122.275703,72051.6063930959,50.21694853437657,2.175126099854177,1.1679169698064367e-07
4987,46.3022,-122.278297,72070.15707378475,50.8369801655499,2.99980092922286,1.7762137790825002e-07
4988,46.3036,-122.275803,71822.92012853934,47.29889211952104,3.2214962754126235,8.455388123075015e-08
4989,46.290901,-122.2649,72095.28946571313,61.2868643305701,2.656470367520114,2.394704068233008e-07
4990,46.291698,-122.265999,72101.30666907383,57.20703414407035,2.584704312545222,1.9787265101457227e-07
4991,46.306301,-122.2761,71649.33459588645,50.09373151822365,4.668405704301829,1.537457783241793e-06
4992,46.309799,-122.278397,71539.98712016645,57.33941972150933,4.751859906014564,1.722436411185125e-07
4993,46.312,-122.282501,71631.82397315583,45.49914607084065,3.17275953696956,9.968745818435862e-08
4994,46.288799,-122.234001,70470.90891258096,77.0372306061472,2.5270050359292275,9.241788663297826e-07
4995,46.2901,-122.223,69748.34807769711,94.4495183898398,1.8566904050429889,1.5780038600563775e-08
4996,46.289001,-122.213097,69273.0484079511,97.40171908121556,2.7610202418601446,3.875226300599954e-07
4997,46.286301,-122.203598,68948.60406975122,139.61080417594349,2.5969823797323315,5.610484079559441e-07
4998,46.2812,-122.196198,68933.97049012379,84.26322657884157,1.962030288608466,2.1740808332238738e-07
4999,46.280701,-122.204697,69441.62051370511,73.69891431114229,1.924120870620682,1.5894167478118374e-07
5000,46.2826,-122.2127,69739.8970119656,50.849680834129686,2.1923073131855637,3.918864409287914e-08
5001,46.281898,-122.218697,70128.69195175573,42.867465987903415,7.357929985577709,2.5563576596517074e-08
5002,46.279099,-122.226097,70756.94016974243,27.909376329596853,6.031359562506218,2.7996894003172686e-08
5003,46.309101,-122.286797,72091.67389659256,38.87506358099927,2.6725978744256667,3.2451944637406595e-07
5004,46.308399,-122.287102,72158.94605420095,38.733375981944846,3.865931019670479,2.4615984444448927e-07
5005,46.3069,-122.290901,72491.34925739857,33.70442460097547,1.2095282935302225,7.512173888644333e-08
5006,46.305698,-122.295303,72839.31172026951,28.931524053565226,1.3076336988375923,1.2156665189310063e-07
5007,46.302799,-122.294998,73023.30516661324,30.048843335651327,3.100838061575724,2.1387996827287878e-07
5008,46.300301,-122.2939,73132.74208281649,30.2806735309714,1.4673005031121436,1.9964004824908123e-07
5010,46.1805,-122.053703,70675.80553388062,83.53017033773358,2.3670845291984732,4.584807843517702e-06
5011,46.177898,-122.050598,70789.79304031734,87.83154729036323,2.616162423827123,1.7807142203962683e-06
5012,46.175201,-122.048401,70951.93203439478,70.75137960790016,2.6852068261098214,4.777074591238258e-07
5013,46.173599,-122.045197,70970.92839714144,69.2849089687079,6.45265514316786,4.925129768184635e-06
5014,46.171501,-122.042397,71054.50920248807,56.05262545206642,6.724634264623955,5.135180041478e-06
5015,46.169899,-122.040802,71141.20459846791,51.58959648592281,7.6090789334207045,2.216257504136716e-06
5016,46.1689,-122.038597,71146.68452540228,50.67946819269855,1.9735786753342839,8.110296388054283e-07
5017,46.166901,-122.036797,71263.95960353747,51.30278566648485,3.453122689118792,1.827983032628749e-06
5018,46.165298,-122.0354,71360.40751504057,53.017204208808835,3.066398192872267,4.010198698955372e-06
5019,46.163101,-122.034599,71537.6312407148,54.95955053331272,2.5810458576854307,3.1150081649749656e-06
5020,46.292999,-122.266098,72012.58640312884,54.63693557839724,6.372757867493294,3.512342084484466e-07
5021,46.294399,-122.264702,71829.5287459119,55.295709905883996,2.5051170070239506,2.1169343434054192e-07
5022,46.296398,-122.262199,71538.42129451947,54.77663325550384,3.495260147904218,8.215225290308399e-07
5023,46.298,-122.259804,71282.4090643314,55.99849705940869,4.955657210974071,6.38322213886672e-06
5024,46.297901,-122.258202,71196.01168618887,59.52621151032508,2.4891208681223844,3.829523649228607e-07
