station,lat,lon,dist_m,path_length_diff_m,sta_lta_amp
4001,46.166599,-122.189499,35327.65347402748,38.30153437696572,2.2564799776525053
4003,46.1665,-122.183998,35685.24135844378,61.39209508155909,1.9786658908245758
4004,46.1646,-122.182297,35912.41703067151,59.03422834913363,3.247046817625678
4005,46.162701,-122.182198,36037.71572261526,53.727102756587556,2.862720689683967
4006,46.1609,-122.180397,36265.766141752945,72.4750397504904,3.170355204855728
4007,46.159698,-122.178101,36487.609290331624,58.14656031825143,2.367690449747486
4009,46.1586,-122.173203,36868.500735930764,68.67142828286887,1.891028504924944
4010,46.157501,-122.170502,37109.657258575004,62.95273118255136,1.9622295021526108
4012,46.157501,-122.1642,37512.302638304056,78.92243118038459,1.7589232610185723
4013,46.1567,-122.1623,37683.76521631397,80.06632027507294,4.5577449562888
4014,46.155102,-122.1614,37840.83516799222,72.9531090039236,5.974927623204524
4015,46.153702,-122.158302,38126.24169515517,73.97631969492795,2.840388469171489
4016,46.1549,-122.154404,38301.77155898427,92.1690149284841,2.033037161029058
4018,46.158798,-122.151497,38251.09162887718,121.75875375976466,2.7677059801851382
4019,46.161499,-122.149498,38218.57377449221,154.05947815191757,2.254574164374424
4020,46.163799,-122.147697,38199.66815781816,172.8019314003468,2.578045995961309
4021,46.165501,-122.147797,38093.02828870776,173.5402877612505,2.6517160848013437
4022,46.1665,-122.145599,38179.15342074967,186.39802723682078,3.354110557748503
4023,46.167702,-122.144096,38208.56449981869,206.7568937987453,2.1381370050307704
4024,46.1698,-122.145599,37988.51731060319,228.72198364072392,2.6545802052911776
4025,46.171101,-122.147797,37768.509296281576,238.62279611252598,2.1130305845329063
4026,46.1721,-122.149101,37625.01120719844,253.9127558752516,1.8496583845071022
4027,46.173401,-122.148598,37584.216995546114,259.5205299915833,2.164256002049913
4028,46.1749,-122.148003,37538.925787745036,257.4987513867236,4.030532543951194
4029,46.176102,-122.147797,37485.06485188127,264.3921489833883,9.441573278719078
4030,46.177601,-122.146103,37514.5486912873,244.7423907265984,4.707491047038447
4031,46.179298,-122.147202,37346.99851297646,242.3218110923699,2.353281147555915
4032,46.181801,-122.1464,37263.5218302247,222.62808967031742,2.813779236212195
4033,46.183601,-122.147499,37091.68987498519,247.75192839653027,2.454790867507299
4034,46.1852,-122.147903,36978.10846548475,275.4604762119852,2.241433281426923
4035,46.186699,-122.146698,36979.367359708456,267.6654831427659,2.8405721128723926
4036,46.188301,-122.1465,36907.76492487618,261.13656186594017,2.2520842465465636
4037,46.189499,-122.146301,36858.1595494451,264.9945107729436,2.6943767726431322
4038,46.190399,-122.144997,36899.843167624094,260.00845844107243,3.649012253677834
4039,46.191002,-122.143501,36970.529757358934,242.59196200458246,2.7081245489862904
4040,46.192001,-122.142502,36987.155794708466,224.20025814668043,2.485871185674667
4041,46.192501,-122.140099,37126.0125425332,212.3207211704139,2.3844038946563715
4042,46.192799,-122.137199,37309.73870486849,200.946345229524,2.7723635587816924
4043,46.194199,-122.1353,37369.53427931192,164.85598136780027,2.796537035772503
4044,46.195599,-122.1362,37237.346906812505,151.05434077430255,2.2820821641141094
4045,46.196701,-122.139198,36975.568961575744,158.07349761827209,2.4086779957115736
4046,46.198002,-122.139099,36917.62462030807,133.3287094012485,1.9614740798258654
4047,46.199799,-122.138496,36870.66222872925,93.45291653039021,2.1819568233407782
4048,46.200199,-122.135803,37037.76770839258,74.23440502358426,2.1251907318556924
4049,46.2019,-122.135696,36962.72275220635,63.00903830381867,2.9563974532676895
4050,46.203499,-122.136597,36823.15232392286,56.81577250058763,3.066382761223678
4051,46.205502,-122.136902,36706.4686681244,43.613816292374395,2.9013717599886175
4052,46.207802,-122.136703,36612.17152649318,27.15335780166788,2.8691449408144405
4053,46.2099,-122.138,36423.72650680828,22.283554401605215,3.3558442664888526
4054,46.211601,-122.138702,36296.10384256177,17.029756594893115,2.9642684358568543
4055,46.212898,-122.139297,36195.0051130312,13.83002339000086,2.8685775953912804
4056,46.212799,-122.141899,36016.44825280484,18.243321167210524,2.6672591757271653
4057,46.212799,-122.144096,35862.023305016584,22.768911765117082,3.0017254422938344
4058,46.212799,-122.146797,35672.35805237698,26.18096402438823,1.873195045720477
4060,46.2146,-122.150803,35308.03395721183,28.292232269035594,8.954644375671657
4061,46.216202,-122.153603,35037.69752227279,12.006532294573844,2.0673117105189944
4062,46.217999,-122.153397,34970.31799471469,2.3521945382090053,2.2220803341526953
4063,46.219601,-122.1549,34792.05073061254,7.651381608789961,2.254388506742688
4064,46.220699,-122.155998,34665.300597261754,5.719637495130883,2.5847553493611675
4065,46.223,-122.1576,34449.73492549621,5.076816435146611,3.2094528312352684
4067,46.2257,-122.160004,34160.86759700959,0.3807243787960033,3.4441333013132907
4068,46.226398,-122.1605,34095.29991154152,0.3866963557957206,2.29275864015891
4069,46.227299,-122.160797,34035.205039397624,0.2608577428763965,2.1967252718989867
4070,46.227901,-122.159599,34094.540722524696,0.06747245542646851,2.350218767042038
4071,46.228901,-122.159302,34073.00581611666,0.10139229993365007,1.6642513600015298
4072,46.227699,-122.161697,33953.9624067778,0.4229070109431632,2.16029188437068
4073,46.227501,-122.162804,33883.822151623004,0.0637522013130365,2.7634633038775065
4075,46.228401,-122.167503,33511.00219468389,0.02045400485076243,2.2291169631558554
4076,46.228001,-122.1698,33365.416341585085,0.0,1.9219392607954053
4077,46.228298,-122.172203,33182.0314372503,0.12124636663065758,2.049022743915657
4078,46.229401,-122.174004,33006.03666640362,0.04442179911711719,2.0438083256662907
4080,46.232899,-122.178101,32563.444114578353,0.0,2.4587198303614892
4081,46.234501,-122.177902,32509.239146974163,0.0,2.785933641525777
4082,46.236099,-122.177803,32448.949662232204,0.0,3.019527235496162
4083,46.237301,-122.177002,32456.165390182872,0.0,2.555959654577377
4084,46.238701,-122.176399,32441.741612742302,0.01007811429008143,2.9062563934528356
4086,46.238998,-122.175003,32529.785049252052,0.003459421728621237,2.3801425632809945
4093,46.237999,-122.202003,30644.488859127167,0.04397347252961481,2.2960290473692213
4094,46.238098,-122.205002,30427.463148009832,0.22962423490025685,3.30195599492691
4095,46.237202,-122.208,30254.76094117236,2.6035337613575393,3.9895865741472463
4096,46.2369,-122.210999,30056.39486080944,0.20555217850778718,2.736832194358006
4097,46.234901,-122.212303,30054.994847295846,1.1786438544440898,4.402053332038477
4098,46.2327,-122.213303,30086.259663158966,1.0949249251825677,3.1014839045505935
4100,46.230999,-122.218903,29775.144645438828,1.2765540337422863,5.278991268538505
4101,46.231602,-122.222198,29516.84107161939,1.9795413326319249,3.700648082335279
4102,46.229599,-122.223297,29537.159754203178,2.7216217139502987,4.620955841847118
4103,46.228001,-122.224197,29553.127962510785,3.7642874295161164,4.054657361567423
4104,46.2258,-122.223999,29676.11484827024,3.3196971743636823,3.582229199690113
4105,46.223598,-122.223396,29828.468006286774,4.682147545670887,4.020965326948151
4106,46.223701,-122.227097,29569.361905371254,4.5586978662795445,4.038017683284437
4107,46.222698,-122.230499,29388.2935455975,7.987724607603013,2.247372445938037
4108,46.2216,-122.232697,29295.742157427838,6.5636584163148655,2.2811401381522343
4109,46.219799,-122.234901,29241.359821345744,9.781079359632713,2.0251843924102935
4110,46.217999,-122.235802,29277.017915794586,5.873947214065993,1.7519288181960702
4111,46.215698,-122.236702,29341.65714362947,6.011620302975643,2.465285652805687
4112,46.214802,-122.2407,29123.412604472418,7.2785728686867515,1.9491783970147054
4115,46.210201,-122.252197,28624.856105351275,27.028496101644123,3.051511587957288
4116,46.209202,-122.252098,28689.993119436815,21.69072616046833,1.8695613547576129
4117,46.207802,-122.249001,28975.140273764337,10.12766918624402,2.397167904010207
4118,46.206799,-122.2463,29211.000523384344,8.195084737602883,2.07381399828279
4119,46.206799,-122.243301,29407.625089849887,6.537251364996337,2.2855472607917546
4120,46.205799,-122.241302,29597.298672330027,5.276005618128693,2.024938578751933
4121,46.2062,-122.239601,29685.67170809455,4.49556256167125,4.961626229060489
4122,46.205399,-122.237198,29890.309200291947,3.3757798547812854,3.5032506549220237
4123,46.205002,-122.235001,30057.977394723366,3.032674934092938,2.5234912408586645
4125,46.2029,-122.2342,30232.960383127498,2.3732644396077376,4.189125383381557
4126,46.201099,-122.235001,30286.320514862146,2.89882807295362,3.2690707714765077
4127,46.1992,-122.234299,30444.77942306548,3.8477132924708712,2.389771431406211
4128,46.197498,-122.237,30371.28771423967,2.597336410697608,2.105257855630747
4129,46.1959,-122.237,30468.135663725425,1.85461349803154,3.6056693501910613
4130,46.194302,-122.237602,30526.951330060783,1.9496032149909297,3.8474686059541154
4131,46.192101,-122.236702,30720.38561664862,2.709536510898033,3.331884854302911
4132,46.190201,-122.234299,30992.128144748483,2.2372247940256784,2.103930521567114
4133,46.1903,-122.230698,31217.0037247341,1.4710244478665118,1.9858796921521948
4134,46.187801,-122.230003,31416.244973957964,1.5253209167931345,2.6361852891425093
4135,46.186199,-122.227303,31688.65646032823,1.4361609769002825,2.57325758528026
4136,46.184799,-122.223701,32006.196480444072,1.5375266073315288,8.985772274395066
4137,46.182499,-122.223198,32182.025657721584,1.8107949001750967,3.8891013001115433
4138,46.180302,-122.222702,32352.006488067676,2.2457723096922564,1.8292804919203023
4140,46.176102,-122.219101,32847.11536367987,2.910924754811276,5.2524099790442955
4141,46.175499,-122.217499,32986.87057885424,3.1175687165305135,2.58742081161279
4150,46.165401,-122.197601,34889.466742120865,3.963893440668471,3.1645819655439973
4151,46.1633,-122.196098,35119.01654494704,4.222800496427226,1.8669872052954668
4152,46.163399,-122.192902,35314.34063297232,8.901726184834843,2.658020069644719
4154,46.162102,-122.191399,35492.24424268805,21.293894654903852,2.1618274228952394
4155,46.159801,-122.192299,35583.642805019714,19.197419778131007,2.0812259372422144
4156,46.157398,-122.192902,35701.99716538299,11.789360651469906,4.6547871853618314
4157,46.156399,-122.189598,35973.82083691341,12.729513914542622,2.761722306234949
4158,46.155399,-122.1866,36226.636860320694,18.41510871140781,5.38517057579336
4159,46.153301,-122.185402,36438.37261979182,16.041396183871257,2.5363963546984114
4160,46.151402,-122.184998,36588.060104284305,16.710175008833176,2.4288433113387993
4161,46.149799,-122.1856,36656.33738650844,17.62142762351141,9.971998919222113
4162,46.148399,-122.185501,36755.29934976212,16.67304049454833,2.8016851266265252
4163,46.1469,-122.184303,36929.18415530434,15.600556596204115,2.6019740744606294
4169,46.142799,-122.186096,37094.29373628545,19.82340053275402,1.8228711796037178
4170,46.143799,-122.189499,36818.13493259651,20.016927764321736,2.4062002675062786
4171,46.145302,-122.191902,36569.099061124616,21.292536267312244,3.6007769869222366
4172,46.147301,-122.193001,36366.46003598749,30.741223436198197,2.058285548919594
4173,46.145302,-122.195396,36355.60286425849,22.210760873465915,9.604745990884268
4174,46.144299,-122.197601,36290.03596430322,22.757381556577457,1.8867332646156338
4175,46.1436,-122.200897,36138.476672915924,19.827899346113554,2.3596647448967465
4176,46.143398,-122.2043,35947.162618777256,18.075916800451523,2.165303557208139
4177,46.1413,-122.206596,35956.19018059169,15.74491505305923,3.413610724212818
4178,46.1404,-122.209198,35864.40762041477,13.937498417617462,7.150205635914847
4179,46.1394,-122.2099,35893.63273604378,13.830203953300952,2.438735119072985
4180,46.1385,-122.212502,35803.69958105495,12.727532272037934,2.475210057073112
4181,46.1367,-122.213699,35862.46109055899,12.387474198680138,1.9570835356534786
4182,46.139999,-122.207001,36023.7143833184,14.507588950546051,3.240156413386991
4183,46.1399,-122.203903,36215.78423587101,16.68203981195984,2.404694761120358
4184,46.139801,-122.200699,36414.77645427019,17.617147475670208,5.735058110653809
4185,46.1395,-122.198303,36579.799679703334,20.020781321727554,2.1971537932943614
4186,46.139801,-122.1959,36703.63423642021,23.67037452506338,1.8553056443688052
4187,46.139198,-122.195,36799.80763173956,22.3863646267273,2.1057109184427314
4188,46.138,-122.194199,36931.38893188926,19.10413795718341,2.4029175698431633
4190,46.137798,-122.191498,37108.34651146924,21.950644188342267,3.319908636269191
4192,46.1366,-122.189201,37330.13928640031,27.044933608885913,2.2515862837897855
4193,46.136398,-122.190903,37241.4718432635,25.78231006047281,6.251896223016381
4194,46.135899,-122.191299,37252.36414378518,24.986654370979522,4.206755824117082
4195,46.135101,-122.191704,37283.71248115435,22.902512990360265,3.445951220957177
4200,46.1385,-122.195801,36800.08873054665,20.94024454661121,1.7950741226199949
4201,46.1376,-122.195801,36862.882721236136,19.68298635353858,5.335622799731477
4202,46.136799,-122.195602,36930.8508893945,19.46538439334836,3.0772572823392537
4203,46.1357,-122.195801,36995.98610578027,18.785556961549446,2.4127905572294797
4204,46.1348,-122.1959,37053.36982973506,18.02585988640203,3.318685089125571
4205,46.1339,-122.192299,37332.158166354035,18.404187919353717,2.4678363080334
4206,46.134602,-122.191902,37306.73734879491,20.217159095460374,2.847586972663107
4207,46.138802,-122.196899,36712.953102101645,20.834674859666848,1.93889808634619
4208,46.133999,-122.196503,37073.87289108097,17.067350246979913,3.259151615861483
4209,46.131599,-122.196999,37214.591523364055,14.428220333633362,1.9258923058843191
4210,46.129799,-122.196198,37390.45204160012,14.489577733365877,2.717819851760084
4211,46.129299,-122.193398,37592.05679101842,20.267401714649168,2.347935915685657
4212,46.1278,-122.1912,37829.24428941439,19.98264826137165,2.1001708920557043
4213,46.1278,-122.184502,38227.86075247916,31.052797363256104,2.6741399622961906
4214,46.129101,-122.183899,38172.3528632193,30.814821326457604,2.111990773459916
4215,46.130199,-122.181503,38239.34960649458,31.96816492497601,2.0380632800381284
4216,46.130299,-122.178398,38419.52785296388,35.506533856001624,2.0467653973552524
4217,46.129101,-122.174103,38762.08589685454,30.12500984199869,2.4336044839542947
4218,46.131199,-122.169403,38903.41961117731,36.02041831740644,2.411929519066328
4219,46.174599,-122.219597,32912.190375500344,3.028683658230875,3.0274461071831356
4220,46.172901,-122.222198,32858.73795871178,4.423991050956829,2.4902873621289885
4221,46.171001,-122.223297,32914.30855655944,10.188160048026475,1.6680366814551475
4222,46.171501,-122.227303,32632.170438863388,19.625378720207664,1.9527576383336165
4223,46.168701,-122.227898,32781.32088164345,36.31095310847013,6.003620626449411
4224,46.166698,-122.227997,32909.520254554445,49.42364282395283,1.8344427693348475
4225,46.165401,-122.230598,32837.76387307525,29.1197057840036,1.7909643934504658
4226,46.162601,-122.229698,33083.606832069614,14.317259042538353,1.8357008821795038
4227,46.161999,-122.227402,33264.57100268361,18.596201230873703,2.20184729229013
4228,46.160702,-122.227402,33353.37739157295,16.97345681565639,1.8785435968257214
4229,46.158298,-122.230301,33343.99574158197,16.086229494947474,2.0279127490408704
4230,46.156502,-122.232201,33355.27301119025,12.986985211493447,1.8775808003001164
4231,46.154999,-122.233002,33413.16946892532,11.74861401594535,2.8398395953819895
4232,46.153099,-122.233498,33518.23799808623,10.167191372238449,2.25920730336748
4233,46.152,-122.233902,33572.55111328395,9.931522404556745,3.314949974060944
4234,46.1507,-122.2341,33653.8174648617,10.079740953347937,2.4163445313692344
4235,46.150002,-122.235703,33609.47556764638,9.51319870511361,2.3359151502849604
4237,46.146599,-122.236,33838.44228143532,8.36132086046564,2.7318034506220465
4238,46.1441,-122.235001,34079.02303886949,9.960560975130647,2.249302189789434
4239,46.150501,-122.236702,33514.75340952327,9.27902699977858,2.1579922828724833
4240,46.1506,-122.239502,33343.15002679282,8.896634434531734,5.234952768064591
4241,46.152199,-122.241997,33081.13752853437,9.944867712860287,9.056484663308325
4242,46.154099,-122.242798,32896.92589427355,10.939790675925906,2.394018142352394
4243,46.1558,-122.244499,32674.378037897437,10.79488215553647,3.0334455965990035
4244,46.158199,-122.2463,32396.023261280043,10.833572879771964,7.509337568995923
4245,46.1605,-122.248001,32130.99189850356,11.75152781263023,3.609116294524756
4246,46.161499,-122.248901,32006.467232472824,11.547235259320587,1.990945193645314
4247,46.163898,-122.250504,31740.868385824702,11.796468796434056,2.091938211328798
4248,46.164902,-122.251503,31610.311310691508,12.880510171358765,2.0580484624783204
4249,46.165699,-122.252502,31494.42510539778,14.072047068617394,2.3004160819844897
4250,46.1665,-122.2537,31366.403124587,15.028961872609216,1.9418499751136498
4251,46.1674,-122.253899,31291.02348831802,17.261994798940577,2.0315444330344024
4252,46.165699,-122.255402,31321.88820162618,11.803712746957899,1.9829842639530662
4253,46.167301,-122.254997,31232.481769213828,15.075097433065821,2.388295477684611
4254,46.1675,-122.255898,31164.710439858984,14.367436568601988,2.872863152615273
4255,46.167599,-122.256798,31104.102004794913,13.276370841991593,1.9111086363178433
4256,46.1679,-122.257599,31035.10715958053,13.05963784569758,2.187784568933118
4258,46.1684,-122.255302,31136.76522786191,18.843599711268325,1.9881044485000612
4259,46.1689,-122.255501,31089.68291104721,19.375766494322306,1.7302032173841817
4260,46.167099,-122.256203,31174.93067211057,12.507956334193295,1.810566626663333
4261,46.1665,-122.256104,31223.294072962657,11.820926078566117,2.6335483276202263
4263,46.165501,-122.2565,31270.83614672724,11.636797638293501,1.9705391167346444
4264,46.165901,-122.255302,31313.47878832133,11.870260720130318,1.94391979927408
4265,46.165298,-122.255898,31320.986651765837,11.730995782236278,3.252822830663964
4266,46.167599,-122.253304,31312.57152234664,18.058659342517785,2.4447666329341997
4267,46.168098,-122.2528,31307.681966943943,19.480767596167425,2.916597210438554
4268,46.1684,-122.252098,31328.604017332098,19.404882231592637,2.213473770120088
4269,46.169399,-122.2547,31102.601791169393,20.20007030159468,2.3739698362383583
4270,46.1688,-122.251198,31354.70073099907,21.920869533274526,2.19936163734801
4271,46.168098,-122.258003,30997.037978578996,13.188909707241692,1.8307032308843738
4272,46.164799,-122.257004,31291.102388783296,11.211955976388708,1.8256191812639242
4273,46.168499,-122.259003,30909.124439971172,13.627267447162012,2.0316603164951426
4274,46.142101,-122.120499,41271.060168707176,97.07738582113234,2.5958089859589117
4275,46.1446,-122.122803,40969.83625156,105.98142776479654,2.403865431413377
4276,46.145901,-122.127502,40586.90901754398,99.79321328749211,5.182427131901843
4277,46.144901,-122.1315,40390.53577971747,87.82649800491345,5.335972820937237
4278,46.1441,-122.1353,40196.17646974348,76.22944674312748,3.3542642020517373
4279,46.143299,-122.138802,40022.22750281504,68.80960802586924,2.600752847920268
4280,46.142101,-122.142601,39855.76709427519,60.11619407235412,3.015219398134377
4281,46.139801,-122.1437,39932.330111948526,55.42272734858852,2.286021807464236
4282,46.144199,-122.145103,39564.16434509664,62.27220668571681,4.340793679247501
4283,46.146301,-122.144302,39483.162252297494,66.97185180060478,3.414289322729726
4284,46.1469,-122.146202,39324.363679075,63.76709787626896,2.666941214109583
4285,46.148998,-122.146797,39155.36064050509,71.25362734471855,3.58655779569108
4286,46.149601,-122.149399,38951.31543690519,66.01289052280481,2.0646171023290756
4287,46.149101,-122.151398,38854.88273568259,59.14029793519876,3.3195886394611644
4288,46.148102,-122.153503,38783.61507240735,46.790967380977236,3.7068501183667966
4289,46.147999,-122.1567,38587.07368279484,41.69442781273392,2.4918014802066026
4290,46.150101,-122.154404,38600.43628420352,56.60994502394897,3.540531062215864
4291,46.152199,-122.152,38623.178384179766,73.52080296779604,2.55291287758681
4292,46.153801,-122.150597,38614.24077127173,90.60502735648333,2.5421962980885415
4293,46.155899,-122.149002,38588.5647301723,107.98016382917558,4.307650107407552
4294,46.157398,-122.146202,38678.97740494824,130.41228312304884,2.2677905310727513
4295,46.157101,-122.1436,38865.801052821465,136.0769373750154,2.6089512465176363
4296,46.1562,-122.140701,39108.33583323721,137.22046894147934,2.3377106941848473
4297,46.151001,-122.145798,39095.32501010718,92.26813756242336,2.08415539369677
4298,46.1516,-122.142303,39283.49428758901,102.5482871295244,2.1788741625192594
4299,46.151299,-122.138702,39534.31468682292,108.06455854055821,2.331593853776988
4300,46.150299,-122.137199,39692.365717421264,105.1718680693084,2.2547440832289336
4301,46.149502,-122.135696,39838.04913637491,103.31622506258282,2.3599080498973737
4302,46.1492,-122.1343,39946.632880870086,103.58148252813407,2.4914878287174225
4303,46.149101,-122.133301,40017.22128933127,105.37455666226742,2.325512058256177
4304,46.1488,-122.1325,40087.32133023899,104.97709157154895,4.635700559129162
4305,46.148102,-122.131897,40168.80313267648,101.91591771463573,4.059102740986334
4306,46.1474,-122.131401,40243.66032573059,98.78268879672396,5.551190928922408
4307,46.146801,-122.130898,40312.72027207675,96.30646099949081,3.5816416353416574
4308,46.149502,-122.133102,40005.70068887341,108.39062605773506,2.3119544271183
4309,46.150299,-122.133598,39925.220267286444,112.84964532825688,2.2593895415408123
4310,46.1511,-122.134598,39811.91643183098,116.46102268787945,3.7788739530387554
4311,46.151798,-122.135101,39737.08368085677,120.54738022141828,2.3351381700511027
4312,46.1525,-122.1353,39681.78124591348,125.56068952770147,2.3427008766275197
4313,46.138199,-122.1716,38295.0160002692,56.34450771471165,1.730840007048049
4314,46.1408,-122.170303,38201.54821051846,56.942960253654746,2.5755073534537622
4315,46.1451,-122.167999,38061.89338535089,43.76006703374151,2.003957925384154
4316,46.148201,-122.169899,37741.19405094098,46.065377214756154,1.9224193017547346
4318,46.135799,-122.166397,38776.59792669367,51.59749923911295,2.9723934128688168
4319,46.1535,-122.136101,39569.52909072111,131.08976142819301,3.4143940711306735
4320,46.155201,-122.138397,39318.09348696224,137.06623430370382,2.4128755613478328
4321,46.1371,-122.147697,39854.29760382975,47.29932263119554,1.9175493255990894
4322,46.136101,-122.152702,39606.14045032125,48.309234333188215,2.7003505879127094
4323,46.136299,-122.157204,39312.62378614689,52.00060639233561,2.4205486816037074
4324,46.1367,-122.162102,38981.98411658073,55.8928395700932,2.5743398828205057
4325,46.136002,-122.165802,38799.69971905024,52.62860624495079,2.9952014818862445
4326,46.133598,-122.166298,38930.67882909732,49.70531676200335,3.251639395361203
4327,46.1366,-122.171204,38426.877889243464,51.721725247109134,2.2893671181725166
4329,46.1422,-122.170502,38096.423525545644,58.85629072580923,1.886719907315656
4330,46.144798,-122.171097,37888.207172447095,55.9454984187978,2.047091751387262
4331,46.146599,-122.169701,37857.66822489645,44.76943831516837,1.9726703388391695
4332,46.149101,-122.169296,37720.8856176247,43.98055836096319,2.363087537002069
4333,46.151199,-122.169098,37598.46880734615,46.881289363169344,2.2370798263578537
4334,46.153301,-122.169296,37451.76449368416,49.884908862375596,2.0872070438465635
4335,46.155499,-122.170303,37248.47833426634,59.704728172539035,2.4286042153181215
4336,46.1334,-122.251198,33963.1619811981,31.497438332291495,2.5399960513422783
4337,46.1297,-122.251999,34206.34104399776,35.589321912986634,2.3816950179645375
4338,46.134102,-122.256104,33637.08556815088,42.31904206745094,2.64482393014306
4339,46.132999,-122.259697,33525.70540718671,40.39674207763892,5.1670754556564615
4340,46.129501,-122.259102,33833.54806986583,33.66659210929356,2.2969671061713726
4341,46.128799,-122.262901,33683.51599886012,31.402283930736303,3.2798576148396155
4342,46.128899,-122.266899,33460.60671938379,18.641970353324723,2.3704544714477955
4343,46.127102,-122.2686,33514.21485291383,16.618609944584023,4.232514330043892
4344,46.126598,-122.271103,33422.18159943966,20.144277226252598,4.629393765729357
4345,46.1273,-122.265602,33658.22430001559,20.304360494599678,2.92194104030518
4346,46.125401,-122.264503,33869.46275615638,17.029566365104984,3.856773905860141
4347,46.127499,-122.249603,34510.01694871206,34.81068947534368,7.537478496034207
4348,46.125,-122.247902,34799.00433084823,33.60330093948869,3.270033957129903
4349,46.123001,-122.245003,35114.56012864314,33.701493359207234,2.271815210539459
4350,46.124199,-122.241501,35213.5705208398,39.22223792159639,3.684834792149629
4351,46.1222,-122.239502,35479.47052324799,36.94799493488972,2.495343164940228
4352,46.1199,-122.2379,35747.10027398923,36.41437741063419,6.809228544426375
4353,46.119499,-122.233704,36009.69012520423,38.0244048645327,3.8216734566861668
4354,46.117699,-122.2332,36177.57695514148,37.42202369133156,4.606673056369999
4355,46.115501,-122.231003,36470.01672751388,39.01737877261621,5.08484907875852
4356,46.1134,-122.228897,36749.96053633198,38.18354396526411,6.392811687116637
4357,46.1119,-122.226303,37009.783883387376,40.421802190554445,4.439169107574453
4358,46.110199,-122.2229,37329.839507286575,44.61830914899474,2.276516543955606
4359,46.111198,-122.218399,37501.08906009631,41.62793549527123,2.4227039380840507
4360,46.108101,-122.219902,37658.612926472975,55.95708328789624,1.8652774432925443
4361,46.108002,-122.216003,37881.5362096267,55.74977909382869,5.119322799716912
4363,46.105701,-122.214897,38121.54100769092,65.93998806025047,2.166354312128043
4364,46.1036,-122.216202,38213.8930225655,61.63460310523806,2.102968117839665
4365,46.101101,-122.2146,38497.72838307633,56.82849891685328,2.5709921771425
4366,46.098801,-122.211197,38864.565574490065,53.99488625046797,3.762270622766744
4367,46.0961,-122.2089,39202.53424005302,52.61294058855856,1.9759827615999668
4369,46.091202,-122.211098,39471.56690198938,44.13535126973875,2.0985812944406366
4372,46.1007,-122.208099,38886.05588313095,57.120936935185455,2.6162052013938335
4373,46.104198,-122.2062,38719.975750852136,49.10409925543354,1.9261699780917092
4374,46.1073,-122.204903,38554.118024721116,45.56727070485067,1.7888306768690945
4375,46.1096,-122.2052,38361.88928551528,42.137402711865434,2.723024418465252
4376,46.1115,-122.204399,38262.83945009123,45.27836847229628,3.5496712891548206
4377,46.113201,-122.203102,38207.987826640056,41.87389119810541,4.848754322911348
4378,46.116402,-122.203903,37922.084786416475,39.07035922733485,2.320900750902344
4379,46.118801,-122.205704,37639.79509418663,42.71798614646832,2.45342130526039
4380,46.122799,-122.2071,37262.50266647875,54.59826324255846,2.3052038849759717
4381,46.124901,-122.187599,38249.50148382764,28.655919907643693,1.9734711538246485
4382,46.122501,-122.189697,38297.969487651986,27.699173845168843,2.879603048070094
4383,46.120499,-122.191803,38319.47787242882,25.11744354028633,3.0604937747339807
4384,46.118999,-122.194603,38265.81998218127,22.24071683260263,2.1086141649000743
4386,46.119099,-122.201103,37882.18210668243,35.40889793198585,2.7324444929358687
4387,46.120998,-122.205101,37511.10213856854,45.03421160866128,2.5663351880759104
4388,46.119999,-122.209503,37332.83756094621,40.12882726627868,2.1677723819452326
4389,46.1208,-122.213402,37050.2366840814,40.771434705064166,2.119608041304464
4390,46.124802,-122.213402,36751.17923382939,37.211486066480575,2.219287228598769
4391,46.1278,-122.211899,36616.03787123952,17.761881563958013,2.0899181426345295
4392,46.131001,-122.210197,36480.62700568683,13.489933811462834,2.206207819425104
4393,46.133099,-122.213203,36152.353884458505,11.66243341248628,3.0938858642461535
4394,46.1367,-122.217598,35633.69258733948,12.3714906922105,2.5393754670863258
4395,46.1395,-122.221603,35196.10694125191,12.269031641204492,5.219915165187316
4396,46.1418,-122.2248,34842.13844347851,12.739283870600048,2.827450322041054
4397,46.143501,-122.2295,34443.557460973985,10.235616453130206,2.4139241486709917
4399,46.148998,-122.230698,33976.69753647539,10.254687074469985,8.708144305657214
4400,46.143799,-122.239197,33857.83487481403,10.199460305229877,2.432411165998705
4401,46.142799,-122.2435,33684.21290987427,11.967509230766154,2.569012677033346
4402,46.1423,-122.247002,33521.30016040511,13.501035574277921,2.8062616990383926
4403,46.141399,-122.250702,33379.06123230342,15.585468772958848,1.8421839057959766
4404,46.141998,-122.254501,33119.09571331935,24.142623157298658,2.0463486222529177
4405,46.140999,-122.2584,32976.61475117424,48.010053187346784,2.9485753111157695
4406,46.1418,-122.262802,32669.555108984354,55.74960079583252,3.5661181176055905
4407,46.1422,-122.267097,32400.438302070103,74.45632304207174,1.9297755953060851
4408,46.143902,-122.2705,32080.180599025374,79.36265129917956,3.1981898970884446
4409,46.145302,-122.272598,31855.490051370925,84.00110626827882,2.41556561265402
4410,46.147701,-122.275703,31497.533880751176,93.85260769259185,2.115649376449061
4411,46.1465,-122.2836,31158.981816297688,97.4114807034166,2.023776659555772
4412,46.146198,-122.279999,31378.98062659427,96.31854176194611,2.017596843033798
4413,46.2365,-122.285698,24913.52117469983,5.385318998989533,2.2534711944704044
4414,46.1516,-122.276901,31129.33568897959,77.60150202387013,2.863646564877271
4415,46.153,-122.2742,31172.81138022379,60.45502654672964,3.200020781430373
4416,46.154499,-122.271698,31199.63542916999,25.483747341902927,2.367771146528182
4417,46.155399,-122.272102,31108.656081756635,22.333152872233768,2.183879359731625
4418,46.233898,-122.286598,24995.57141013713,4.376368102057313,1.971533154502587
4419,46.150398,-122.272102,31489.50600988065,63.62315215734998,2.3256493047557045
4420,46.153,-122.269997,31409.369774637784,26.411114602677117,2.7337726420178954
4421,46.155102,-122.268402,31341.034293805747,15.905256098820246,2.2654265009530397
4422,46.157299,-122.266602,31279.44738172917,13.30474861311086,2.1170402000341744
4423,46.159401,-122.265404,31192.49565675115,11.96837427888022,1.8447470427195911
4424,46.161499,-122.264,31119.591124591232,11.01332717967307,1.6746710490663514
4425,46.164001,-122.2631,30989.840873460907,10.039912902364449,2.45842031785413
4426,46.166199,-122.262299,30878.207157191955,11.10649870848647,2.0615680099473317
4427,46.167801,-122.261299,30822.51997189662,12.498075462801353,1.928477085292932
4428,46.1702,-122.262901,30556.713160072937,12.895784627275134,1.8302164218500052
4431,46.173801,-122.2714,29796.289009317028,15.175469385158067,2.707870630236491
4432,46.175701,-122.273697,29524.768410696055,19.78537233199677,2.3584535290779836
4433,46.175701,-122.277199,29317.593492373602,18.73289220174047,4.641424926342424
4434,46.177502,-122.278801,29094.040714105773,8.638356123672565,1.9604403635451904
4435,46.18,-122.278702,28922.178059984188,13.344525811771746,2.118564501252757
4436,46.180801,-122.281799,28681.274978203266,14.331807414633658,2.257873392882548
4437,46.181801,-122.284401,28455.76892977604,8.262931808407302,5.5037697250270305
4438,46.183201,-122.283096,28434.052102072175,8.089204142630479,2.928620888948101
4439,46.185001,-122.281303,28414.786660927744,7.836303685013263,2.6896427823337197
4440,46.186401,-122.279099,28450.09512587415,8.422144805364951,2.3939534129112987
4441,46.1884,-122.2799,28263.65829965795,9.249787760858453,2.366445171851648
4442,46.190399,-122.279999,28120.625273515245,8.561015660034172,3.009022043370131
4443,46.189999,-122.276199,28379.788662585168,8.488152836256631,2.303356747300216
4444,46.1889,-122.273598,28613.41780691646,9.175160018639872,2.0917396953188874
4445,46.191399,-122.272903,28487.74927282742,9.702258370351046,2.7660177869461053
4446,46.193699,-122.274002,28266.419766058592,10.946037678670109,3.577006180789959
4447,46.195702,-122.2761,28003.58139523111,11.237814506832365,2.066229896080118
4448,46.1922,-122.273201,28415.802578127383,9.948552772249968,2.7620024069971345
4449,46.1894,-122.280197,28176.9398408331,8.808653956413764,3.418006857906246
4450,46.184601,-122.282204,28388.783182068033,8.411015498877532,2.2508673449377072
4451,46.181599,-122.285896,28381.65958421669,7.730103010551829,1.967254506505551
4452,46.180801,-122.280502,28758.340140618202,13.323484887085215,3.1617916906668713
4453,46.176899,-122.2789,29131.337553821,9.097587191507046,3.002492519978201
4454,46.194099,-122.130898,37677.89033001077,144.3433636890186,2.161067872555851
4455,46.192902,-122.128403,37909.733294280406,135.86688354448415,2.005128848412161
4456,46.191799,-122.125198,38185.848256774225,134.5950830790389,2.144248907117889
4458,46.189098,-122.120499,38645.00874481638,144.34722629210592,2.0209563933425723
4459,46.188499,-122.116898,38923.12134275591,130.5775453172173,2.749165968317933
4460,46.186501,-122.115196,39140.76036887077,135.35101300448878,2.819198602014173
4463,46.182701,-122.1082,39813.98643676963,149.90256635551486,2.2127158373365723
4464,46.181,-122.106499,40017.34561704706,154.81042161579535,2.758578378405593
4465,46.1782,-122.105103,40256.69062011385,178.71366966558708,5.406242103898441
4466,46.1777,-122.099998,40631.82153912709,177.05947565332463,2.5421387151322836
4467,46.174801,-122.098,40917.96330879849,185.4680719310927,2.324647832879632
4468,46.1717,-122.098297,41059.56395275731,205.99425992786564,4.180466586316839
4469,46.168598,-122.098503,41209.791911062704,211.85421344730275,2.2451725752357654
4470,46.166302,-122.097099,41427.69076955813,216.55041801001062,2.3110157874190747
4471,46.165501,-122.093102,41741.03371415119,212.61164336813817,1.8148503205530508
4472,46.144299,-122.116096,41422.64090127616,122.28585381254379,2.2034586466465904
4473,46.146999,-122.112602,41488.67987789682,148.91945976736315,4.693961829995699
4474,46.1493,-122.109497,41556.30909489898,168.64970593705948,3.3329359636091254
4475,46.151001,-122.106903,41627.80018451243,188.6161388112887,3.5092022248726726
4476,46.153198,-122.105301,41606.88352645959,215.68217274578637,4.155073922796794
4477,46.155201,-122.102699,41665.1859167824,211.22422708671365,4.5025594995906495
4478,46.157398,-122.101097,41647.967876091076,216.97074314289785,5.621481169046122
4479,46.1586,-122.097603,41814.36657427868,209.36913465018733,3.1100985298514194
4480,46.160198,-122.096703,41786.34948098354,200.29167304659495,2.6034223604568756
4481,46.161701,-122.095398,41791.61414655761,197.22206502811605,2.94111717129623
4482,46.162899,-122.093498,41854.433447509466,208.7186021513262,2.312755415650265
4483,46.164501,-122.090897,41943.819704906666,211.28578766565624,2.2114493895727643
4484,46.153301,-122.100502,41918.98999016063,215.8768729741787,3.953303095861085
4485,46.151299,-122.098701,42152.607250059984,212.36518614950182,4.135521360786509
4486,46.148899,-122.097298,42383.148513471184,198.81556154965074,3.8576357937434116
4487,46.146099,-122.095497,42663.82276458673,179.0134046111416,2.3198429100092666
4488,46.1437,-122.093498,42934.984006274026,165.7000581764878,2.908539564970593
4489,46.141399,-122.091301,43213.90062149423,152.49300501684775,2.7961050116435633
4490,46.139099,-122.0895,43467.199072611824,145.95611294539412,2.9525174814102018
4495,46.138,-122.139397,40319.488156200285,47.16887598215544,3.031672219004013
4496,46.138302,-122.130997,40833.61604621923,57.83289192838129,7.90226387338752
4497,46.1404,-122.126099,41015.57569395643,76.83907528869895,2.5418048229014696
4499,46.157501,-122.0951,42042.87438137835,206.12717386301665,3.409407590809984
4500,46.155899,-122.092003,42339.0774883525,201.74301329656737,2.571352218072869
4501,46.153801,-122.088501,42690.022908283376,196.58462420483556,3.179949332929311
4502,46.152,-122.084602,43051.00834909897,194.31917661249463,8.351620583455206
4503,46.149502,-122.081703,43384.28770684182,194.86356214497937,2.1163485416710976
4504,46.147598,-122.080399,43578.262935965104,187.10304840205936,5.022754680792314
4505,46.145302,-122.079498,43768.102537869025,185.78449552843813,2.712199127896413
4506,46.143902,-122.076599,44040.153992451706,181.9169413533382,2.213253075316032
4507,46.145,-122.073402,44190.62312458276,184.67202541435108,3.8003470197950233
4508,46.1469,-122.070602,44271.0166370325,172.80156978585,2.0891224218728577
4509,46.145302,-122.068901,44473.84854787393,178.90482463662192,1.7419074187910601
4510,46.1432,-122.067299,44698.5541882736,177.59822910845833,6.548174489910449
4511,46.140701,-122.067596,44819.91132049438,176.6239814975197,2.4565307954417386
4512,46.138,-122.066704,45032.98531408097,180.09730558189767,2.1399458352367198
4513,46.135601,-122.066101,45210.65196545454,169.32220410181617,3.3815493482261303
4514,46.133301,-122.065598,45376.902831724474,155.67172464955365,2.672194100958973
4515,46.132401,-122.062401,45639.85161439797,156.31388833392703,2.455144604256776
4516,46.132,-122.059097,45881.046067346404,160.75435620506323,2.9100479758956
4517,46.129501,-122.059097,46026.05038621028,144.0625948808447,3.9743914597935817
4518,46.129398,-122.054604,46328.063000827475,150.7768089170131,2.5481140974845085
4519,46.129501,-122.050201,46612.89097582144,162.32683770474978,2.5299787403159653
4520,46.146301,-122.2892,30872.120423242886,41.49522452596284,2.1700852188333246
4521,46.147499,-122.2938,30529.62005320994,36.62404318475819,2.4771210232747607
4522,46.147202,-122.297997,30330.137281928106,45.746271006089955,2.28600685452599
4523,46.149101,-122.3032,29901.17774598356,59.418776210644864,2.350105652101424
4524,46.150002,-122.307999,29575.66640006668,74.62878444208036,2.1931265362522825
4525,46.148399,-122.312798,29458.206513084093,67.10707335875486,1.9393991917887223
4526,46.146599,-122.316803,29402.86173046749,72.62366568013385,2.242587769571338
4528,46.1432,-122.326202,29219.959339964164,60.61145893445064,1.9597835542168882
4529,46.141102,-122.329498,29239.218838760487,63.83283540846969,2.29829645969356
4530,46.156399,-122.082497,42949.095519119604,183.9356927760382,2.9988017047697517
4531,46.158298,-122.079803,43027.38814661514,204.57752517010522,2.9786813612770913
4532,46.1604,-122.077904,43042.86595759845,206.91230435032776,2.854745466700868
4534,46.164101,-122.0709,43324.006864261144,195.2142689984321,3.5260851824966
4535,46.165001,-122.066704,43564.2319304355,179.03037864481303,4.3683764395963784
4537,46.165298,-122.058197,44132.474821809825,172.0157686415332,3.5964549804766053
4538,46.1646,-122.054298,44435.862030356344,165.8753040527372,2.411844657780734
4539,46.164501,-122.050102,44729.623687461215,157.78270770228846,2.992874146200302
4540,46.166,-122.0467,44889.31388443917,136.4321358849702,2.8639035644961024
4543,46.1866,-122.059502,43011.17098239468,82.31362834890751,2.8205048725824593
4544,46.187599,-122.061501,42824.76041019746,83.34223709300568,2.1827409158916913
4546,46.186199,-122.0634,42755.89419659188,89.11500257419539,6.57220402691343
4547,46.186798,-122.064796,42630.1775959928,89.11301690288383,3.3956023869654777
4548,46.188202,-122.062798,42705.90140836203,84.55402587670687,3.732694102692644
4549,46.187401,-122.0662,42503.721448715325,87.11010089294723,2.5547307388823004
4550,46.188,-122.067398,42391.92119027865,85.95939094799542,3.1625621695325314
4551,46.188702,-122.068001,42317.17803308572,83.78890146856429,2.5077866486297946
4554,46.188999,-122.063904,42591.619939379336,84.51622067585413,2.2412908329436148
4555,46.189201,-122.065498,42470.22584025184,87.21125992907037,2.619629650699987
4556,46.189999,-122.066597,42356.41090789621,86.45163219609822,2.3725593568677494
4557,46.191002,-122.068001,42211.834317416404,90.03825789278198,2.932942399473048
4558,46.192299,-122.068298,42132.05311892764,91.87549710633175,1.9524144527176999
4559,46.168701,-122.043701,44963.722570491445,116.28978170784103,2.9722868291154714
4561,46.193901,-122.070099,41932.73727011929,92.37940883544798,2.0357988943842393
4562,46.195702,-122.072899,41654.20253733646,92.90858197598573,2.818007171486122
4563,46.196899,-122.074402,41494.52158360735,90.94503915689711,2.3207238004721207
4564,46.198799,-122.076698,41247.701931756994,99.2012872635969,3.0470747781031338
4565,46.200802,-122.078201,41052.97229584718,97.06909524283401,2.4780899539768404
4566,46.202599,-122.080704,40796.8050750548,102.55254556111322,2.379622882153839
4567,46.203999,-122.083199,40558.7106407298,105.69134437341563,2.2508087051048244
4569,46.207001,-122.087402,40130.21306614207,120.7122743897853,2.119468738698769
4570,46.209801,-122.087502,40003.89343618713,123.37926650163718,3.11457228634983
4571,46.212101,-122.088402,39843.13109172589,109.34416891014553,2.5354630333048203
4572,46.2146,-122.089302,39675.31574673713,128.67005778587918,2.9583460870171416
4574,46.220001,-122.0896,39436.034775460714,91.74709622658702,1.7523194610329418
4576,46.224201,-122.091202,39156.14710386152,85.32004483798664,2.5516507283137413
4577,46.226299,-122.091202,39075.8434743106,82.92099821782904,2.129779581241732
4578,46.228802,-122.092697,38873.016763792366,89.99334187759814,2.165073834743584
4580,46.2323,-122.097801,38372.17400179836,83.25340394882369,1.7761885982063945
4581,46.233601,-122.100098,38157.229748232734,83.75867246603593,2.3201441332399275
4582,46.235001,-122.102501,37931.13159152634,85.0339519643021,2.1484076291549146
4583,46.236301,-122.1045,37738.320452478954,86.11227759621397,2.163648560638088
4584,46.236301,-122.101097,37986.719301544756,73.19505475718324,4.252464620968506
4585,46.236801,-122.098297,38173.46835762081,68.93534728059603,2.6465828058986984
4586,46.237999,-122.096298,38277.49441289133,80.75676261343324,2.1450701631843727
4587,46.239601,-122.0951,38309.64955967325,64.34709934312559,2.121451018806318
4588,46.2407,-122.096703,38154.322691328685,54.63531019392394,2.933404919801555
4589,46.240299,-122.099503,37962.742795536906,50.55580952652963,1.905819210160962
4590,46.241299,-122.101799,37759.925780283185,46.406958045598,2.048038360809681
4591,46.243401,-122.101997,37673.75419475789,41.18662268634944,2.2511677635583363
4592,46.244099,-122.103203,37561.59554090848,39.831345933751436,3.1317182623105233
4593,46.245201,-122.104301,37443.92426412092,40.513781420617306,2.233242395009168
4594,46.246399,-122.1026,37529.42081540234,37.49631470371969,4.993329724381301
4595,46.248199,-122.103699,37389.59015104933,37.98090785857494,2.9978309871547677
4596,46.2495,-122.104698,37273.8784600994,35.583024211387965,2.3990876531470957
4597,46.250999,-122.105202,37188.831620557554,37.37270157459716,2.1384773897032145
4598,46.251801,-122.105797,37119.51234911821,35.8892077586861,2.2426193949329742
4599,46.253101,-122.106003,37063.599832238375,36.75904101756896,3.8728458985818004
4600,46.2542,-122.104698,37126.32424777369,35.710060715835425,2.6453614450036067
4601,46.2556,-122.105499,37024.25310242122,32.78568514097424,2.5309394529158697
4602,46.256802,-122.106796,36891.76277746051,33.244566192610364,2.1199024591030393
4603,46.255901,-122.107399,36874.180089647314,15.45245954177517,2.44044509962425
4604,46.255299,-122.1082,36833.09527974534,11.50702951556741,2.404499359187256
4605,46.256302,-122.109497,36706.38935870605,10.005025120510254,2.4751914778866926
4606,46.2575,-122.111099,36551.359577516254,9.344439381085976,1.8756817742722922
4607,46.258202,-122.114098,36307.6478646727,8.830599505556165,2.0972134767579402
4608,46.258202,-122.116402,36136.62398303821,8.853288771118969,2.1354571522909636
4609,46.2603,-122.114799,36193.291971858525,8.020024833385833,3.702006974486441
4610,46.262501,-122.113701,36211.21450608722,8.569326665703557,2.946317941488581
4611,46.265099,-122.112602,36220.01829129039,13.05391370059806,2.4711537739416096
4612,46.266899,-122.111603,36245.34009710399,18.635829594539246,2.3049393108818297
4613,46.268398,-122.111099,36242.82926866912,15.182418290351052,2.3302177731865292
4614,46.270802,-122.110199,36247.3618130267,9.064545111592452,2.33978790785856
4615,46.272499,-122.1091,36286.63744775828,12.599198986485135,2.3618409581075017
4617,46.273602,-122.100998,36868.12896918674,13.009435057960218,2.549114568054776
4623,46.2822,-122.096397,37018.13600553201,23.20556430855504,2.1159098625310726
4624,46.283798,-122.095398,37059.917813115964,23.880659753849613,3.601128895949211
4625,46.285702,-122.093498,37164.73312785935,37.176156553658075,2.7405126166199394
4626,46.287399,-122.092201,37229.32182641408,74.63296784092381,3.2279266708196976
4631,46.2826,-122.099098,36805.30795872171,18.704542127539753,7.836928916977389
4632,46.2841,-122.097397,36902.29971005949,17.21757051070017,6.046212914477308
4633,46.2854,-122.0979,36837.353240120254,17.932564727358113,6.883166542658699
4634,46.1758,-122.279099,29198.49804323417,10.990639788822591,3.5994522580792667
4635,46.178699,-122.278099,29050.324739360432,9.990349222272926,1.7377399638906805
4636,46.190498,-122.278,28235.826737840547,8.912103299888258,3.7372376519789126
4637,46.1898,-122.272697,28607.83523502297,9.21857763233129,2.97285420411205
4651,46.2328,-122.287102,25022.885056792515,6.311947908008733,2.2970600423162693
4652,46.233398,-122.282997,25264.330056370112,12.604989593790378,1.9902721855548466
4653,46.232201,-122.281502,25430.42666135215,6.551449728558509,1.8118438890630757
4654,46.23,-122.278603,25746.217667934805,4.722033887985162,2.0310088931040657
4655,46.126099,-122.272202,33404.63539314086,21.755125119918375,3.2114357124541733
4656,46.1255,-122.270103,33564.07234311114,19.942687998445763,2.3500064697239162
4657,46.1278,-122.268097,33484.78843985073,15.694121855281992,2.214929085198449
4658,46.129002,-122.265602,33521.94647229068,20.729691955275484,2.0557462695823494
4659,46.128201,-122.263702,33688.04513532766,24.18897283046681,2.626087021931088
4660,46.1264,-122.265099,33757.35662098404,17.25114886889787,6.566187772755666
4679,46.285599,-122.263901,24367.405818485055,39.17629372054944,2.33234265919209
4680,46.289501,-122.272202,23634.406163564552,38.930286763061304,3.1951493587346063
4681,46.298801,-122.256897,24532.60603834698,51.1306809739217,4.527608771376382
4682,46.2999,-122.255203,24634.511118837476,49.86793697224857,2.183005168266967
4683,46.2868,-122.176697,30854.635554223296,6.144099110606476,4.210027499795068
4684,46.285,-122.175499,30988.071656137337,3.800733440752083,3.2231475551841324
4685,46.283001,-122.173203,31209.927885466957,4.694587374502589,3.743855651488533
4686,46.280102,-122.171303,31426.307877058225,4.1647454055455455,3.5817067736797914
4687,46.279701,-122.173401,31279.59423936102,5.278848062858742,2.0399692161851686
4689,46.275902,-122.173302,31389.3304746354,3.0872225006023655,2.2906283388986504
4690,46.2728,-122.173401,31469.463336589713,3.741537713456637,2.657961757567911
4691,46.277699,-122.175499,31176.016733789515,5.905351730729308,2.6292426478968656
4692,46.277,-122.179001,30933.52054533583,5.493069942436705,2.764763713699059
4693,46.2761,-122.180901,30816.78606785387,6.50242862644518,2.159961414321562
4694,46.2756,-122.182602,30704.076491373562,7.031649959459173,2.609784195348327
4695,46.274799,-122.183197,30682.607373692248,10.365273124480154,1.72640287692069
4696,46.273998,-122.183701,30668.219608580926,14.519430801356066,2.97690220381817
4697,46.273701,-122.183601,30684.29943461663,17.632334498426644,1.9351762925628901
4698,46.273201,-122.183403,30713.640046033368,20.254103646817384,1.977720895779964
4700,46.272701,-122.181801,30847.418500951397,20.82525325324241,1.957798349115267
4701,46.278801,-122.271202,24050.137816051694,40.91226383482717,3.177591548844601
4702,46.2869,-122.2743,23557.273998777084,43.09720855307751,2.291958020444914
4703,46.273102,-122.184898,30605.4138249703,13.762808411273,1.9031321687169593
4704,46.2868,-122.243599,25840.990252895026,35.51607414240061,2.994391743182982
4705,46.271999,-122.185997,30556.54714803176,15.127296036131156,2.170916399660846
4706,46.272099,-122.181297,30902.627853104797,22.57077329808817,2.2004740738483743
4707,46.2761,-122.181801,30749.668407052734,6.110303228193516,1.9064495647084312
4708,46.271,-122.179199,31091.118633423805,25.751553188511025,2.8322611344335873
4709,46.269299,-122.177696,31253.853278479055,28.365822277381085,2.3868345512777864
4710,46.266701,-122.177101,31377.97900057989,20.502868916795705,1.8135670057007849
4711,46.264702,-122.176598,31478.341154365608,18.271452269716974,2.819216756275431
4712,46.262501,-122.175903,31600.74441130778,13.881122654875071,3.151966504297195
4713,46.259499,-122.174896,31774.46276531513,14.53863134849962,2.4615682716147127
4714,46.2565,-122.175301,31847.386265198555,12.524473610144923,3.5491097511776455
4715,46.254902,-122.1726,32100.923797556476,10.810590201432206,2.5340978362122497
4716,46.2528,-122.172302,32197.23871347582,5.935406800796045,3.218652690248192
4717,46.251801,-122.172203,32240.404036628937,4.81754836775508,2.1785081958299286
4718,46.2491,-122.169998,32499.63423157028,2.7513481174428307,2.56654498682101
4719,46.248299,-122.168602,32630.769742603046,2.480832594268577,2.137463100872888
4720,46.2472,-122.167099,32780.85200323751,1.8845859352586558,2.3296658948130107
4721,46.243801,-122.165497,33025.48973296893,2.478373947844375,1.6574719188983797
4722,46.241901,-122.1642,33192.55074281948,1.0718291846424108,2.9007916770925153
4723,46.241001,-122.161499,33422.692080104374,0.41647119123808807,2.547934338135476
4730,46.2313,-122.155098,34272.62374310553,0.0,2.718051041927931
4731,46.229301,-122.157097,34213.322228422236,0.0,3.420034450900835
4732,46.2425,-122.167503,32930.60129353277,1.3111776368532446,1.8479681898555365
4733,46.241501,-122.170998,32717.522038446175,0.021593660520011326,3.7529267596415843
4734,46.2402,-122.173103,32617.742756310512,0.007700636244408088,2.316511064320084
4735,46.23,-122.148499,34798.9047798159,0.0,1.9689581020982567
4736,46.227798,-122.147301,34976.105507231914,0.25478015203407267,2.172801938660847
4737,46.225399,-122.147697,35049.101911246995,0.0,2.1578320582275197
4738,46.222801,-122.148399,35110.89218004144,0.0,1.6762999257616717
4739,46.220699,-122.147499,35266.593978263816,1.6730971760407556,1.79585045774125
4741,46.217499,-122.1409,35875.15275000935,10.705323397181928,2.908293219584284
4743,46.214199,-122.139099,36149.990851638664,18.34597470821609,3.7911974170099665
4745,46.236099,-122.150002,34444.61190276113,4.754993090929929,4.990458694312277
4746,46.2369,-122.1464,34673.15512069729,11.256919115061464,3.6489516251146563
4747,46.238201,-122.144501,34760.16184611835,12.976573659245332,6.444559379608594
4748,46.2383,-122.140099,35075.21851359873,14.071200142760063,3.5228100313310007
4749,46.239498,-122.138397,35153.43467306835,23.082163796163513,8.325261050639124
4750,46.241901,-122.137299,35144.10946043235,8.247682892819284,1.9841800813277075
4751,46.244701,-122.136803,35078.84129996704,3.4105629834957654,1.9717985516503997
4752,46.247002,-122.134598,35158.79621771678,15.343145963124698,3.042922915387354
4753,46.249599,-122.1362,34951.707878753354,10.420750117002171,1.9920439269231613
4754,46.251701,-122.134102,35034.89387326873,18.952048957980878,2.203336349120983
4755,46.253899,-122.132004,35117.04818480776,22.774498022881744,2.5816914867632654
4756,46.254002,-122.127403,35453.15651384139,12.707476852607215,2.114193022864997
4757,46.253201,-122.1241,35722.715985241055,9.729664185724687,3.820152734507611
4758,46.253899,-122.120903,35936.48066796435,16.141779285790108,1.8347288323265245
4759,46.252102,-122.118202,36193.40071856124,9.480674716774956,2.2295787925935975
4760,46.255402,-122.118698,36052.25688734117,20.13974980369676,3.508197785003286
4761,46.257099,-122.118103,36043.94161911874,9.357154541889031,2.240226764590631
4762,46.288101,-122.088799,37473.82727298188,69.85129952096031,2.038328214750861
4764,46.283501,-122.087402,37671.46567581189,24.296886778720364,1.9440928326336047
4765,46.2817,-122.083801,37981.620201727244,22.338575707784912,2.197609398216146
4766,46.281101,-122.080399,38251.681838816185,23.17749623266718,2.105041001137902
4767,46.279301,-122.080399,38290.19427874665,29.237840715846687,7.048445922587817
4768,46.279598,-122.086899,37792.45666492659,41.15550307460944,3.961672306998569
4769,46.277802,-122.082497,38164.58468548422,42.71929036387155,2.2664277908054418
4770,46.2757,-122.083298,38151.5812596397,42.00840175264602,2.150090116653593
4772,46.271801,-122.081802,38355.86022681684,36.89060200565291,2.040860243167905
4773,46.269699,-122.080597,38497.66821753961,31.19677388830314,2.0069379951495696
4774,46.267502,-122.078796,38687.741280794944,27.003191565716406,2.476218559526056
4775,46.265099,-122.077904,38816.09527039744,18.676313358198968,4.4456447140640485
4776,46.262901,-122.077904,38873.762273686916,20.385581900540274,2.0743028481379837
4777,46.260601,-122.079002,38853.59019490345,21.34055388948036,2.5336675179676114
4778,46.258801,-122.0784,38948.16767629104,21.345276289939648,2.4660437028420823
4779,46.256599,-122.0793,38943.06091514925,20.85263341850805,2.014240917064888
4780,46.2547,-122.079803,38960.31388524892,20.238715954161307,2.4391531854815462
4781,46.252602,-122.0783,39133.71353942793,23.638408241968136,4.499159163538829
4782,46.250198,-122.077599,39257.82149631454,21.159303986205487,2.1618616077665727
4783,46.247799,-122.079903,39160.76233868478,27.151034439826617,2.5162342728746774
4784,46.248001,-122.075401,39487.931912210224,22.220498708935338,3.186758613039435
4786,46.246101,-122.069,40020.823164856716,23.195423096811282,1.8619127455204838
4787,46.243801,-122.066597,40270.566297554724,22.27976396732265,2.3005445716634187
4788,46.242699,-122.062599,40600.99503099312,22.707031491932867,2.124854493954276
4789,46.239899,-122.062897,40668.59318250374,17.51530482369708,2.374773617680222
4790,46.238602,-122.063202,40688.3725105117,16.95750207771198,2.000744989606735
4791,46.237598,-122.0634,40706.841711241104,16.729659496319073,3.185440848324978
4792,46.237099,-122.062202,40811.57077159755,16.854033337542205,3.8403571012228706
4793,46.236698,-122.060501,40950.09483464878,16.646870759985177,2.3687970244974803
4794,46.2369,-122.058701,41075.967206741574,16.68269072547264,1.776060737874826
4795,46.237,-122.0578,41139.04514094369,16.59344479093852,2.536381949507348
4796,46.236401,-122.062401,40820.12433212365,15.474171484660474,2.0525732652149964
4797,46.236698,-122.063599,40722.072223247815,16.934081447921926,2.96981143259535
4798,46.235901,-122.064598,40675.26695571836,16.969951002727612,2.2293675056384505
4799,46.2351,-122.063698,40768.40906303613,16.04449797889538,7.049322853453608
4800,46.235901,-122.061096,40932.82521714297,14.919099758189986,2.8074878581228724
4801,46.235401,-122.059898,41037.669577403016,14.82742842999869,8.520685733496121
4802,46.235001,-122.058701,41139.10490409518,14.022497569683765,3.1188819072406018
4803,46.2351,-122.057198,41246.35276852585,13.700682278824388,4.466335172335488
4804,46.234501,-122.062103,40905.86227520059,15.570794551320432,2.8751746011817887
4805,46.2337,-122.061302,40991.87778601938,15.094717366431723,2.538642268226124
4807,46.231201,-122.061798,41041.388308405265,14.609888667109772,2.0764470131130692
4808,46.229401,-122.063202,41001.621420798256,11.276986634693458,2.515389003560551
4809,46.227299,-122.064796,40960.04969152668,8.613217305646685,3.8370785382729053
4810,46.225201,-122.064102,41086.676218965054,8.515857484395383,2.1298412683149897
4811,46.2229,-122.062401,41295.078520155155,10.982256241128198,3.918393015448585
4812,46.219898,-122.061401,41479.905515131286,14.814458129490959,2.536736089977368
4813,46.217602,-122.059097,41734.13490923664,12.922918525648129,2.8417391906525813
4814,46.214901,-122.057899,41924.822708235835,12.831534021774132,1.8531580537275976
4815,46.213001,-122.056503,42099.80106379508,11.161480448878137,3.797721225146196
4816,46.2141,-122.053703,42259.32210210404,15.732054552012414,2.47644211765739
4817,46.2118,-122.051399,42515.43433398511,17.040299856336787,3.6419685001985473
4820,46.129398,-122.168503,39081.418455634004,36.282886397973925,2.526334151769884
4821,46.129799,-122.164101,39322.57183866214,39.69679894972069,1.9586623230566336
4832,46.1311,-122.176498,38478.97441264492,38.5123738487091,2.4649945853396
4833,46.1259,-122.185799,38285.10756392381,28.62798529723659,2.1598691654578457
4834,46.123901,-122.188904,38243.963243026024,28.477284686392522,2.4234691845222844
4835,46.1217,-122.190201,38326.20976601782,26.964484909156454,2.726344827552645
4836,46.119701,-122.192802,38319.29480087017,24.46510316651984,2.5661318534142237
4837,46.1185,-122.196297,38204.18652304845,23.26077974268992,3.724632184612603
4838,46.118401,-122.199402,38031.9512673681,32.05742393518449,2.9491733530240567
4839,46.120098,-122.203499,37670.08883121672,41.30307311020442,1.869249658521095
4840,46.121899,-122.206001,37392.49276707002,44.92813295535598,2.488273240454842
4847,46.1297,-122.166,39213.308848845605,36.775105717424594,2.287453532433099
4848,46.196301,-122.2407,30204.94098661368,2.8143107266078005,3.115358306222364
4849,46.196499,-122.243896,29987.108175096575,3.4024908009414503,3.9494053163383565
4850,46.196899,-122.247398,29737.615320227054,3.8744008308276534,3.952107517373097
4851,46.197498,-122.250702,29488.83874200598,4.288888786795724,2.6899332154900666
4853,46.198799,-122.257698,28960.88128684223,6.33695817786429,3.958917344230293
4854,46.171299,-122.253899,31018.08039751796,29.072837140276533,2.344110343182072
4855,46.1744,-122.251297,30961.721281140348,27.234194045526237,1.9742142623439314
4856,46.1768,-122.252403,30730.599746802673,16.238201927073533,2.1589313980205853
4857,46.180199,-122.253098,30458.25568629692,30.20432401515791,2.513729268763734
4858,46.183498,-122.250999,30368.138673786572,31.29306590735723,2.2159574818144647
4859,46.187199,-122.251503,30093.91989236233,14.022100092963228,1.9162692956183598
4860,46.191101,-122.251801,29822.99846688467,12.180064392036002,2.1856957700661295
4861,46.193001,-122.256104,29429.843931443986,15.084775158775301,4.698728332502688
4862,46.2164,-122.25,28413.951635858935,11.150444856149988,1.7697018926891592
4863,46.2183,-122.252998,28107.599811828568,12.283726250054315,2.055513277086958
4864,46.219799,-122.255798,27837.03078129631,13.47074181692733,3.1018364638807885
4865,46.2225,-122.256699,27626.749302973894,11.119745300358773,6.170250409131786
4866,46.2257,-122.258301,27344.032813690832,8.774601764460385,3.030920910352499
4869,46.2328,-122.259697,26872.122944531096,14.476841671457805,6.51871227957896
4870,46.2355,-122.258301,26828.816041290553,8.198396095202042,2.1880928127083865
4871,46.238602,-122.256798,26776.682940195595,5.974920392218337,1.5428482897189941
4872,46.240898,-122.257202,26636.016506398337,5.445540989749134,5.701077394585229
4873,46.221298,-122.259903,27479.49260198258,4.05325792630174,3.5966929657173874
4874,46.220901,-122.263702,27249.162874499107,7.707029542107193,2.957138332037049
4875,46.222,-122.267998,26901.802363609793,8.195473782550835,2.0564841953001833
4876,46.2239,-122.2715,26561.639416552192,4.9130752730234235,6.071981989067982
4881,46.223999,-122.276398,26231.66155345531,8.10087597661186,2.3878651238728175
4882,46.221699,-122.276497,26358.01985519486,5.787827256761375,2.670919132086593
4883,46.219799,-122.279701,26259.7268978058,7.3534640111465706,2.2100731885268226
4884,46.229599,-122.278099,25802.18114536612,4.50910997846222,1.7335713755911581
4885,46.231998,-122.280403,25515.227899550282,6.272971859401878,2.381178938509102
4886,46.232601,-122.2826,25334.83044899675,8.60424963261903,3.0163337777999355
4887,46.233601,-122.284302,25165.694698561205,12.296856444980222,2.5032559497549354
4888,46.232399,-122.288803,24931.98170695046,4.991084792090987,1.4794171558844595
4889,46.235298,-122.286003,24958.4551601154,4.827679194990196,2.195166737117575
4890,46.237301,-122.2864,24822.888099638996,4.343303652618488,2.088738531352939
4891,46.238602,-122.289597,24537.10215733921,5.049172339007782,4.299737854579821
4892,46.240299,-122.2911,24344.420579705697,7.828521956580516,5.8718712857815
4893,46.241501,-122.293198,24138.297870830233,12.608691171270038,2.7765864955098323
4894,46.242699,-122.297302,23796.73572002034,12.832287110235484,3.1968923081378273
4895,46.242599,-122.300697,23572.97149522612,9.011166530253831,2.2897860560716365
4896,46.242699,-122.304298,23325.238636360857,6.383250426693849,4.441442978773277
4897,46.243999,-122.308899,22945.213914463373,5.064723701223556,1.9338635033850535
4898,46.242802,-122.313103,22730.327440266035,3.938887644868373,2.9146755944038545
4899,46.2449,-122.3153,22466.847443547023,4.545182782949269,3.61776328566837
4900,46.246399,-122.3181,22196.61304540496,6.49080848423182,1.773128146834594
4901,46.2477,-122.321198,21917.423404893405,4.991954808148876,3.4885396267911455
4902,46.248402,-122.323799,21704.611960960156,1.3460936478732037,3.597803633474344
4903,46.247299,-122.328697,21440.22398426397,4.512269252652914,2.049518966955819
4904,46.2458,-122.330299,21419.941297004527,1.8190635564387776,5.481090441486663
4905,46.247299,-122.320099,22013.12010009544,5.292398167082865,4.055600983884325
4906,46.245899,-122.317497,22264.611389291924,5.9181227455992484,3.606208982870667
4907,46.243698,-122.314697,22573.985734299124,4.215128461022687,5.001016710146338
4908,46.242802,-122.3116,22830.568227874326,3.6940949841664406,1.622765856163693
4909,46.244202,-122.307701,23014.57928583875,6.86968305263872,2.064012943127012
4910,46.2425,-122.302803,23436.57292823114,6.11684022758709,2.194231140828696
4911,46.242401,-122.2994,23671.095326047947,11.348632850098511,3.974070527698222
4912,46.242699,-122.2957,23905.10474337089,18.38333296543715,2.8798342039893834
4913,46.2407,-122.292099,24255.428283186728,8.778304815754382,1.6810821587659217
4914,46.238201,-122.287399,24706.991097440943,4.976063739817619,2.625936691684349
4915,46.270199,-122.187401,30507.041486266,9.94547679520474,2.0351939261662597
4916,46.272701,-122.1903,30216.10665709236,9.054227286225796,2.7757525181655835
4917,46.268501,-122.189102,30433.977520063952,8.738563936858554,2.18715520466437
4918,46.2728,-122.195099,29857.075577908676,8.640022818930447,2.591125574110488
4919,46.272598,-122.198402,29618.382262765354,9.438684215834655,2.529558181734176
4921,46.272701,-122.204697,29149.03973214889,11.353314876087097,3.5343039623766326
4922,46.273102,-122.207901,28899.467648809252,9.41308623668374,2.7364477278470782
4923,46.2747,-122.209999,28694.710016302575,10.42861858040851,2.6677379871741502
4924,46.276299,-122.211098,28564.590414619368,8.787583432305837,2.981780086416191
4925,46.276901,-122.213501,28368.173218862645,7.865001350543025,4.310203149919902
4926,46.277302,-122.219597,27903.9188799699,7.645233066130459,4.853313272372052
4927,46.277199,-122.2229,27662.293801733478,9.217708656244213,4.341163741190463
4928,46.286598,-122.272697,23685.26763426557,41.125881629144715,2.028098571260415
4929,46.285999,-122.276199,23444.93698839071,44.90463546686078,3.102403128761723
4930,46.2841,-122.2771,23439.25686696453,43.97862544911186,3.0084528055483917
4931,46.282001,-122.275398,23633.68065502313,47.42603477879311,3.0893275314642556
4932,46.280602,-122.274399,23754.12370063317,46.93039049550862,2.037741603392055
4933,46.2813,-122.272202,23892.0251331778,44.244789988501,2.1657567306141243
4934,46.280102,-122.271896,23954.792295758027,42.82776249672315,2.8803870463918013
4935,46.279598,-122.270599,24067.087946868283,41.919568724624696,2.4557417218474558
4936,46.278801,-122.268303,24262.68223626836,40.46482673146966,2.4153900477492773
4937,46.278999,-122.2659,24432.305982035658,39.20613849439178,2.587779469368866
4938,46.280499,-122.267799,24242.449339518207,40.01531614753185,2.380547327388826
4939,46.2826,-122.267899,24166.14728296251,37.65231720931479,3.1341003770078215
4940,46.284302,-122.2696,23986.129505590754,39.04454854506184,2.828839766602096
4941,46.285301,-122.271301,23828.924421956814,40.37568568707502,2.268669192347164
4942,46.278099,-122.262299,24727.128591982917,38.089902566549426,2.6983341300799966
4943,46.276299,-122.2603,24935.23041390691,35.67154648945507,1.75413761918843
4944,46.274899,-122.2575,25188.79280044762,29.72599228456238,2.5664491302668484
4945,46.273998,-122.255402,25373.772773905253,23.71667927292947,2.796471179625772
4946,46.2756,-122.252998,25494.599821991047,28.129891561115073,1.8743586441313487
4947,46.276402,-122.254501,25357.06022585669,27.053816383213416,6.332798183255225
4948,46.2771,-122.2528,25458.56978062793,24.008216442332923,5.378142453169969
4949,46.276798,-122.249901,25681.805797479738,20.696176364774146,5.177823402048585
4950,46.276199,-122.247803,25856.027465146217,19.7423802203557,5.925513649509967
4951,46.277699,-122.247002,25865.59013653121,15.196039252379705,7.837934911252158
4952,46.2775,-122.244698,26041.875766721038,13.401000863614172,6.31703529610254
4953,46.276501,-122.241798,26288.108604322675,14.000999519183097,5.998582845969916
4954,46.277,-122.238998,26478.398741651683,11.27294892945065,6.254130024387436
4955,46.2729,-122.232903,27061.619088359497,10.914715860610158,5.653703601933135
4956,46.274799,-122.231102,27131.81915355116,13.621916588163003,3.901093221845536
4957,46.276501,-122.2304,27129.159604324577,11.222358040144172,5.3816075059108615
4958,46.274101,-122.237602,26676.058395513086,11.405274924505648,5.322528378373067
4959,46.286701,-122.256401,24890.99307983818,32.772145081580675,4.823384595074231
4960,46.287899,-122.250298,25310.663106956345,23.148535982811154,5.575511454138885
4961,46.290501,-122.246101,25552.334807299085,19.86578112044299,2.812328674044094
4962,46.292,-122.240402,25939.76445318785,13.000466158322524,2.657017363790027
4963,46.2938,-122.236,26224.980352293485,11.323252822225186,3.253219801937259
4964,46.2962,-122.231697,26491.499378910477,9.714279070714838,4.153678765311138
4965,46.297298,-122.226898,26828.362652031195,8.08154727499641,6.643010755028582
4966,46.298401,-122.222801,27113.452375822806,4.937357110666198,6.9923357013250484
4967,46.3008,-122.2211,27191.515406182545,5.044959734797885,6.775336870690775
4968,46.253899,-122.172401,32150.855287726037,8.419575705011084,2.2444653516451436
4969,46.250301,-122.171097,32375.53527650817,3.5954422898576013,2.30517945105439
4970,46.278301,-122.221397,27740.188144367734,8.322184000131529,5.272797868794043
4971,46.278,-122.2258,27422.88800864167,9.74536604966488,6.1465522888299615
4972,46.278301,-122.2295,27139.565762389877,10.174425031542341,5.4477272927129565
4973,46.280499,-122.222397,27600.59781153713,10.384284052710427,5.165819413912293
4974,46.282501,-122.2155,28056.909316684058,10.231598590384237,2.198936742922763
4975,46.281799,-122.208199,28621.200954787146,15.666687305580126,1.5821912986096085
4976,46.2794,-122.2034,29046.35070104171,24.729390968870575,1.6866063469887993
4977,46.283298,-122.196999,29417.94171864405,14.220165914404788,2.083274721479638
4978,46.287498,-122.208298,28462.434930110776,17.567271020227054,3.3160882554640745
4979,46.290401,-122.218399,27631.26930294081,27.822164899691415,1.921192480505729
4980,46.289101,-122.230797,26734.701721153422,39.37414321891265,2.3639620540805484
4981,46.287498,-122.2407,26037.663088920337,39.03972629308555,2.2569371346816256
4982,46.2845,-122.255898,24994.03166819964,36.82334980005908,2.786444422882097
4983,46.289902,-122.272598,23593.201140417947,37.84964441210832,2.222804182987103
4984,46.292801,-122.2743,23383.432946569777,35.153424388659914,2.565531628977869
4985,46.296398,-122.274101,23300.795949410713,39.217165048612515,2.159968704568409
4986,46.300301,-122.275703,23081.920824283745,35.71316139703049,2.057166094657125
4987,46.3022,-122.278297,22841.2520558603,36.62576243241347,1.9280513707888476
4988,46.3036,-122.275803,22996.80024121622,30.361892499109672,2.846140405927979
4989,46.290901,-122.2649,24137.607194544005,37.22652631883466,3.87384002069249
4990,46.291698,-122.265999,24033.352199860605,40.339946126678115,3.5674782002858034
4991,46.306301,-122.2761,22914.977673991732,25.762340412660706,2.532407941827775
4992,46.309799,-122.278397,22669.474772174974,29.32855685796312,1.3098342488001622
4993,46.312,-122.282501,22315.89887316011,26.845435381394054,1.14284686009305
4994,46.288799,-122.234001,26502.881508148777,38.23559951482821,3.025028796647469
4995,46.2901,-122.223,27293.40526790801,31.86340343330812,1.718653970920696
4996,46.289001,-122.213097,28064.346061490633,21.816698972310405,2.7789849624848557
4997,46.286301,-122.203598,28845.484740080123,15.47727448524165,3.466171825398832
4998,46.2812,-122.196198,29533.9578111665,13.683284861770517,1.9900898206745496
4999,46.280701,-122.204697,28913.052807010015,19.056362191058724,1.8592271068509758
5000,46.2826,-122.2127,28263.071049635524,10.225039737935731,3.664692109793572
5001,46.281898,-122.218697,27835.58165829866,9.90967623864708,1.7333121623643957
5002,46.279099,-122.226097,27367.463854562982,10.449805334781558,4.153484451648648
5003,46.309101,-122.286797,22047.09064910588,32.73867807519491,1.8153143315065534
5004,46.308399,-122.287102,22038.579913839967,32.019995737351564,1.2860833828952634
5005,46.3069,-122.290901,21783.68719984895,34.15503970375721,1.1443330614223937
5006,46.305698,-122.295303,21478.725933732017,37.00124593617511,1.2696462054292286
5007,46.302799,-122.294998,21570.75282837389,30.238183680230577,1.7776917417594806
5008,46.300301,-122.2939,21716.179796687225,28.869750129870226,1.1920098741417349
5010,46.1805,-122.053703,43701.3013182769,92.47582952179073,2.239765536307626
5011,46.177898,-122.050598,44041.084024619246,99.25346186973911,2.412016920845932
5012,46.175201,-122.048401,44322.67825044438,104.94642500095506,6.236973714256088
5014,46.171501,-122.042397,44918.42122379649,99.55045003899431,2.2098784668723574
5015,46.169899,-122.040802,45106.729092964044,103.92766519161523,3.5721370460901007
5016,46.1689,-122.038597,45308.386116191345,102.53243725409266,2.710752400740146
5017,46.166901,-122.036797,45530.596879116696,107.59676478855545,2.6698437609807018
5018,46.165298,-122.0354,45705.881098450365,111.96146389942442,3.4460671866507826
5019,46.163101,-122.034599,45869.52298817586,130.37127521767252,2.29756645862182
5020,46.292999,-122.266098,23990.156505406754,50.72228773454117,2.3652632394189905
5021,46.294399,-122.264702,24057.00518867081,57.50380424087416,4.378316861728665
5022,46.296398,-122.262199,24192.937200652144,62.846338708201074,3.4653460269881062
5023,46.298,-122.259804,24333.137238974403,60.97916844609426,2.9714921136337678
5024,46.297901,-122.258202,24455.99171503233,53.946917943820154,4.1985753692295935
